user_id,avg_price,ever_discounted,purchase_count
"AE22Y3KIS7SE6LI3HE2VS6WWPU4Q,AHWEYO2IJ5I5GDWZAHJK6NGYHFMA,AGYURQ3476BNT4D2O46THXEUY3SA,AFPMBSBIEX45OQ6UCQWPDG55GWLQ,AGWJU3WUQBDQYPSYAJSR3AKBLCOA,AEOVUNFCIFV223O536GVW5JHZKOA",239.0,True,1
AE242TR3GQ6TYC6W4SJ5UYYKBTYQ,399.0,True,1
"AE2TSJXRS5BXE6X7WFS7HOFJKCOQ,AEQTFT2S7RDVYEGOX5RBADQ4VY2Q,AHPCHA3K3ZQDEKCNSZJ56BD4HY2A,AH75O6CQEPN6J3Q6VH4WIVD4HZUA,AHNK4EL2BOSS6WRMONWHNWAF5KRA,AERG3U7VI5YCANZA73XOR6KT2SZA,AHAN5RDTJMGOCIYJZKWO2SJFOB3Q,AGHS26EBVZK3HDJBO26J7C5HYCSQ",230.0,True,1
"AE35OI7LDTOKU32IFQ3GQX5AOKFQ,AHT5CRFFKABTHYW4ECKZTQFY46NA,AEXIV3RFI5NFISHPIOIRBFCEMKUQ,AE4ADCFGK4BPHVK426KLAGJIECTA,AHGC4ISYSAWYL3CB4IONRS7WO2AQ,AHQQYHFW6CVRWYWGJ53LNZKKCSZQ,AEJOCAMBYG2VFPAYA67LRSSAMDBQ,AHESOERCB5FRKL7BYJ6QQHK4BMJQ",448.0,True,1
"AE376Y5V3WTFCERMS7ZVYUZCFNUQ,AF5GSV6GVHTLGBTN2NIS23BQN7HA,AEQ57W6KFWU72BECDAK5CJ3OML5Q,AEZLUYRORWZXFHOSF2KN4GKOOATQ,AGNLOWKPE2OQVARLP6ZDG5ZHQQUQ,AFQBZXNFOTEDURZEUQ4GBITKZ7CQ,AFQZ4Z5IE2BDZPQJ7OBQS6FXMWZQ,AFY2KVXOARKAYSSSHYAZXMKB7ZKA",469.0,True,1
"AE3DRCI3U5PRSINPY2TZAU6JEWBA,AEOSTNYHDXDWBNGEZYE6BPMPR7LA,AHJRAOGQG47ABVMM5ZQ7FF3XOPKA,AEWWWALRID3B4CQQK7PMSARCRM7Q,AE4UXKJGBAZWE6WR5DADPJBGVHTQ,AH73D5XHOYMI7FCB6QBV4C77OC2Q,AFQO3JM6M3SWDHFLMQIEWSUOKY7Q,AFASOASLRV4MRGUQHM2OPYFYRHPQ",499.0,True,1
"AE3GJ4N2G2K4Q6JXYPIQSH4344CQ,AFJMCZWWZZF4HZYT5QLSXG4AKOTQ,AGGORGEJT3XXWXUJNZJNW2L6UZAQ,AENODPH3RWTEZMADDI7ZXXD5UBLQ,AEJQ7NWZITDPI44AMIPQPK7DQLCQ,AGJRVDXBXRIIRR3G7HCF5CR6XDSA,AGU4IMQTKDZTL6IFTDNG3D5CQO6A,AGKXGJ5QRZFNVZ3MKY7PHAOMT5LA",199.0,True,1
"AE3JIMEZHC22EA7YZAUQF7VOUIFQ,AEHZS2RWOOR6UFKXAYRXJMQMJ3MQ,AFZAJPI7LJPDCOSMY6ASVRJOECMQ,AEY7NLLYHRUBHDIAFPM4O6PALCSQ,AF3IH3T2BPU4MB3U34MNSKQRHJ4Q,AF5IMXZIJ7WVPW4XMKAEJCJNGVFQ,AHHTWGSVW6ENNVUTEPAFHRLQJPFQ,AEIWPJPP35D2MB5KMUWLI4LTICBA",89.0,True,1
"AE3PTJFRVU3YM5YFYN3ICDA5X6FA,AGF5DMXE65QXZPJX6BJANVMCGHGQ,AE5VM7Y43HENV5JBN7JB4LCDHO4A,AHBWFF4SD5LBHN6R3W43JNZW4A2A,AGSOXL3BMIL55ANW7OYCFRBWUGEQ,AEY7GHROFM3MCCHU6VOU5GAUQNCQ,AE6ELRMJIUHC3CN34MMM7JRL5RBA,AHDXDGROQRENYUGOZNF4LBVDF73Q",479.0,True,1
"AE3S2ZAEMH765KUJ57DR6HBZBB3Q,AHSIVUNTJMI5S5AJGFDE5EDQ355Q,AGQUDHVCMBW7DYS2HT5HA3QCZIEA,AFNXZNINQLTHKVRFI37VQAAFFGOA,AGVKQNHNS7PQK63FIB6EVC5GUAMQ,AEHZ4NOZ5SIDQLGODWS4UZ6RVQJA,AGBVAEUPMWYCDQIKNAD2DXEYWXZA,AEOJW7OWUZROZ6Z66ZQU33Y2ZYLQ",272.0,True,1
"AE3SQVHSPJCIM3FT4MYLZOLX2ZSA,AGVJFS4QXURZUT34VBLXILIVA64A,AEC3CTKKV26PO32KOGUKKABJ4OAA,AFWLMSZPLJIABG6W6IFSFLEVHETA,AGZGIO6G2BKPLG4SN6O4ZRQOA54Q,AH3NLKVBUDIHF6LUVBM3CJI4WFXQ,AH43NCUTAEIE2WGCFN3DV6PM5LTQ,AE4CJM43GFS4KYQVZRKJSGM5MIPA",99.0,True,1
"AE4755NP2P2WIA3W6UZ4GBQUMYJQ,AGWJM4UXHNXL35HZ2RI6VJSH5KLQ,AH5Y43O2IZ3KNXE766GJMNEVTYZQ,AFQEZSS2I5IGAKZY3Y3CGDZLCJIA,AGHZSEUC44TVE5MU6KPGKEPS6ORA,AEJHCNCKOWWSZBGYQZF34SCZVKZQ,AEOAQQUIW5XQW2XAAIMHD34MNHAA,AEHANMVD4Q7UEQ2XXSW7XW72EJKQ",229.0,True,1
"AE4DPKX5AMUCEWM4543JPWAZVA2A,AH2F6TKL4URXVF2VLVALIU3LA37A,AH4TRU2DCGNKR6IR7W2RIZ5VGILQ,AH7JD2XKCXB32VIEPM4ZMZPFOWGQ,AGUN5Y5M3I3FV5N22KYZUKPU46GA,AGUFGA3PLAEHPSQFXRBSE6LUTOIQ,AH3E36EPFQ2YJEZWSCIN3TQKYWLQ,AFXQA7YBNBU7CB6QVQ7MYYUDP3LA",399.0,True,1
"AE556ASSODHNECNYDEABP6Q7Z75Q,AESPTUXAQMTJ64NCR4QI5N6WL6HA,AEOVKYUJ6EB3K2D3CALSVWOITV6Q,AEAUQLBFFDELPJFM3F6JAIX4VWKA,AFEQDV6CWBY2Y4WS6ALF2BXU7VAQ,AHRRDBQR6IU4V4XBBLSJRRML3GQA,AH5BI7KKCSC6IZ2AS4XJZSQ7QO3A,AH2OKG3SYK3EHZWPVLNDVBVJCTSQ",279.0,True,1
"AE55KTFVNXYFD5FPYWP2OUPEYNPQ,AE7UFVGPV7KYAP74UQJAQYE5PEDQ,AGCMESD262GPMVIP77LD57FWCOSQ,AGHNDMYRUJOLLYU3ZCO7FZJOFJUA,AFARAZP3IF343NCQTLZA27FJNIQQ,AEGGIMWBMF527D35B4MPSIRF7I3A,AFXYNRL37KVTOBVKIVMSHZPZWBCQ,AF7Z6AXMT4QMKJNV6CH6XRIVGVPQ",134.0,True,1
"AE6DY6YWTSSE3XNHDXZDGQM2JL2Q,AES3UPSNCD37JZLHZ3OIILRLLLCA,AESL7YEFFKTIZRBEDUCMD56K6VQA,AHEV734TKPP6CEJPWIMMHA65SL2A,AGBLMQ2TLWRDFQ32LGRIVVPYOQVQ,AHKUSAJGBXVQQSDC4RCKHF6PFODQ,AEPEJSIYSFPXKOXPS2QHZ7P5VCIA,AEU44FW4XJBDB33N4LYZMVLOUYOA",279.0,True,1
"AE6QIRYYQXWBXRANCBNV7UQU3C3Q,AFR73WEZI4S76UC6WTRTOM27ENZQ,AFCBKJAWH4J2UWEUQEGSVYNFT2YA,AFDKMC6DZFM4M7BKRFA4APKCYZHQ,AECLFSQIEBC26S2ZU7FRYDI66W2A,AFTZLBOMSZSCBJ7CK5VXRSA6FGMQ,AH3HKWLRRJWVLWWNSNRI67WU77ZQ,AHMPP4TKEPMV7DE5QB5NSFTTXUPQ",399.0,True,1
AE7CFHY23VAJT2FI4NZKKP6GS2UQ,199.0,True,1
"AE7M7M6QTDYEHQKAKXIWO2OVMBXQ,AESSDAJQCU3XKBAGYDYVBCKLOTSQ,AF3DTQ5WLDISMZLEORWHXTLHV3NQ,AHF2BSEZURS7UKI23YIHED3UIJKQ,AFZKPE6ZA4U5QVICSDRTTYN7PJEQ,AECBX5NSUD2POXPYXHZSETUVH5CA,AGRBDMHDBF2KXPBPF4S5PAVY3NYQ,AG6Z3AUD67XGSSTZOR6GZX3IC3DA",160.0,True,1
"AE7RG5GRVSLRP2HGPKIF2JJ7BAHQ,AFCDHTYGHMNLNK2S3X6JVQOT6AXA,AG3JRPG6MIZTLYNMIRBGFYDZVLBQ,AGFY572BCNP6M74AI2RXGPJTWC7A,AF56KWTGYOCMXLKEJHOSIUZSVZ4A,AF276RVUYCN7YJGIRUR2HDODWF7A,AH4ZIAFAMC5PBWBHQZDSHS2JHUBQ,AFBJNCLV6XVUCTE24MRPXR4IURXQ",475.0,True,1
"AEACCLBAYRCRJLUMTQVS5JSOYYVA,AETROJMOXLWYXXLMLCU7KW4HXETA,AH4BA34R2VIOKQRIJLXUDKFR3MQQ,AFYSXQBPVL6SBVWFIUWXNK5P2FWQ,AENMVCXATZBLHQGMVGSSY4XTNKRA,AHGP46O5MO2FPEVAHZM6A7EZHAEA,AGAHJYQQHZEZZ7ZVR7557735PGVQ,AET4QQ4FHIRE6OWDOEU2264PW27Q",326.0,True,1
"AEACEPNVLWUZDAPOTC4PB6YMDU4A,AH4HHPHQEEW6TGP4SIWHZPZAUM3Q,AHQOM5PWAU6KFW3HTQIT4BOV2XEQ,AERKVDGB67MRPUA7EHTNJYGY7JAA,AF6MFZXNYSO5M47G6B3UUTJAINPQ,AF2EXNHBVW22JUI2M3SOSBOLFKTA,AGIJXNFC5UX7UAPUWQCEFE2IN43A,AFU2G5BSSM76EG3V5K6ZIZ3NVIRQ",457.0,True,1
"AEAD2LHI2R3QVR3AQKOPB523SVUA,AGHZS375UQZ6XK6BYQCZ2YJ4TX6A,AE3EZWQC4YBZLYGELTAF4RPD4YVQ,AGHNTOZPHJSNZXAV6VXZ55QQS2VA,AE34CJ4WMOVB26TU5H42L74U5DGA,AEMLPNYNPF73NMFYHSSXRCYO2OGQ,AER43SPS7UTEVRDP7YPU3HTOQA3A,AHF2MPFWRSCS6OXUZ3D5W3C37CRA",252.0,True,1
"AEAHCVLMYLKLICSIKCTUS54NVQ2A,AFRIWQJKFSDZKTRTU5RSBKSQMIVA,AHFQXP2EQZOT7NTNHK5TMB6QA5QQ,AGLL6YL7RHHSDDGKWQO7ZIG3TXDQ,AGT4T2NBHXL5XVSRRCKSIGW7LDJA,AEAZZCC5KRGSGXGTGBRNK2O6IDAQ,AGBESE5F5QORNV2B6HE4UL4AMZ7Q,AE7QJ5FKTIU6K26GFQWGMXKO2MGQ",253.0,True,1
"AEB6ZUPDFZXQWXHE72JVVSO4ZFGA,AHPZYFKIAW7DX6SSCSGI27FGMZTQ,AFMXLK3YUJVFGQV33RBZQ4IDUPTA,AHMG256GFFJ3XGDBZ33VX2SHQ4OQ,AGWJWL3N6X3HBXK4SKRP6FWDSBGA,AEUNYC2KUYOZRA2TH2WTZ3RG44WA,AHEMPQZQUAERYFBDHQWBEN2KXO2A,AF4ND7E7FHRXWLU2TP27B7BIRJBQ",279.0,True,1
"AEBNUYHIR7GVMMLJXH5ONPDIJF7Q,AGPI7NG4ZSTCPPICRFVFF3BZZKJA,AF2ZSXZS5476YN4AMMKPGHYPSUNA,AGI5JYP2PTBS5BOW72RQ5IOS5WDA,AHLV2WM2F4G6ZNVZQ5QFP54YKIYQ,AFQBR22IILK5VURY2SHERMQK4GQA,AE5MAL4I5X3GDH2YF3MSDC5BPQCA,AG3VYIAF4Y62PHDG5OAJK2KF4X3A",219.0,True,1
"AEBO2BBZLCJSQSMQSSZUR4JWW6UA,AFERB3TDE3HAUIGGRZAO7LNF7SYA,AEL6TWTQL7SWNSG4HKWQSG3W637Q,AEL2KKF43WA7LB7RMTMTZ24MKYCQ,AFMZ2T55AMKECVHVB3JJ5H6K2FOA,AHPDB57FWX3S3RH23DO7ZDQRGDLQ,AHNJJSSGE5AONEUXED5DKSZWMXVQ,AGX75LWRUNOTPPS7R6LLOIMAWS6Q",499.0,True,1
"AEC4ANXPPWN4RV5YG4JXEVPUXTHA,AGDQOOPS6XJBBWHH34E4NJJUCN6Q,AE7QAFZ3XNWF3O4BK4WIGFB3JGIQ,AFVQ5YGAAENELAHUFPH2MAVYIWTQ,AHTWP7R2AL6U4QIX73CNJ7Y7BBDQ,AEHQERYQKTKY5OMTF5KOWEIVCSQA,AGHYPI3NVH2LTDBF4N7QXV5CQEVA,AHCA5SEFUQQWPNVIGU2QCAWNMDKA",199.0,True,1
"AECKRXKG6P4WDPQMPD3XPO5ZZ5QA,AF23F2BUJEUNAGZDIOQJKUYF6LAQ,AHRDRWRO47YAE3WV6X6SXN6DJZBA,AHJ57MLUC2YLYZQKU3CX6UL5PGJQ,AGCKYTS6NKAUMR36K3LGAKBK7HLQ,AGMB47WHJPH52A57TVE43RY5DIZA,AHYSFGBB7ME3WWWP6PX55YHNYFBA,AHS5UBL4UFHYRUJRMMJKY2CUTOLA",89.0,True,1
"AECMQ2RLIJLZPBV65R74ZXYWBHDA,AEDKV6ZUXIBYYQJBXOHXB3DZLYWQ,AEHWYKP6AINWLLGVCZXRT3GOBT6A,AF2LJJNMXJZHEEWT4GCNWPSLFPIA,AGJ3VD6VNEKCMGYVVAS3ZFSISKMA,AFVY6A2WBGEYOPAJNAZP6J44H5GA,AERWNTV3FQB42AN6DXOZ24NJGOBQ,AEVHDFJPXL5VW4EUXTOBVXCPZA2A",499.0,True,1
"AECNNZVKQPR25O2GJGFWLHBH367Q,AF56FEP276BYOI3GE7GYBD2GONQQ,AHN5GS7H5SE5ZCFJH4KQOWDUKARQ,AFDIF43EHQD67SR2HWPO3W6B7FDA,AFUVPBEMV5BKKLHXC35CUJ45FV6Q,AGWTCY3ED5Q52QJACMXUFJ32UUGA,AE2IJXBP54QRMOS6COSQSEWEJ6TA,AGGC7EXQIXQQET64Y4ZRMOZBK46Q",499.0,True,1
"AECPFYFQVRUWC3KGNLJIOREFP5LQ,AHHURVABUYFBH5VMO37ELU6VL4BA,AGINNSDVZYV5ZKNNIJO7GL2ODKJA,AHGTFXNFYDEBYKFIM5AGTVJHLQWQ,AETX622QBRE6A5D6JOV5JW3NDXUQ,AGJDDBKFP2QLF76TQ4G2LWTVVXLQ,AFYQCTYLY5N5ZAB2DBAKWUZNBF7Q,AFZQHGNNUAQ2MMHXAE3IUISW6OFQ",329.0,True,1
"AECQPIQJEIF5ASVCNW43FEDLAATQ,AEO2Q72MKWA5DPWBFQQ63ALQW7AQ,AEW2N6ZN62QQ5C5RXHU4TSK2EYRA,AGLPUYATOE2KVD36DZ2VD4QAOZCQ,AFC5T42J2P6CMZQUXB4IVBEZSAFA,AEAFK6ITOXRVS34MTPODTIE4UWLQ,AGNXO5MSN4KKBGSQR3YT26CYYBQA,AGKMK57A4J54JG5OUHPMVGGPVUKQ",263.0,True,1
"AECTTIBADJRR6PNCGQM3KLJT65XQ,AHH5S3NZXPTNEMV5ACI2OUFQPESQ,AGX67OWD4YQDA7GEIGCMB5DYUJZQ,AHVN4Q73CBYLXS6PD7JYBNQJOXSQ,AHDJXSEX24G3F2AMLX7H4VFW6Q4A,AEF46GENYIQSETB5QV7U3BFPRLWQ,AHU2YNBLYGUZR45OTIEIAG76NCTQ,AGFPDBO7Q4GQBCWMY3OPORD74ROA",215.0,True,1
"AECWBGFECHOEYECHQGPMWRYNKHYQ,AGIWNT5SLEHW7HVLBDY6H32XJ45Q,AECOFAMXWUJ62CI4VQJU5W7NVTZA,AHFBQWP65RDAIAOAYV35FWWX2G5Q,AHCM6KUAHF5H7Q67KH4KOCVDTVQA,AFABD2LOIXHYSDVJ7SQSDEH2MXLA,AEEIGWJVASSHYBL4QVIVIRRLJHKQ,AELPNPI6Q3WXYTFZ3FYVTQCHIV5A",96.0,True,1
"AED54H4JXQGZT6GANH6PJN4SNU7Q,AF652OHBGHAEER2HLOH45T6E65CQ,AFJLA3VGFKFSX3VC6UC4ZAYVR4DQ,AFGQN6RWDATMEVHEO5POPH6VYFRQ,AENYOOBQJZGYT4GNQRR3YEKI7KAQ,AHKZN2KHHR7CQWCGJDX26C5TBHXQ,AHMJ5EEDULQII3FGSNR7PSHQABVA,AEA4764BEJKLL5UEYQ75K6TRRD3A",179.0,True,1
"AEDMOT4JJAD7UCEFLEA76Y526CGQ,AHEXPGZ2QS4MXA5LDPULZPVLYBSA,AGZXI6YFQBL7Y6ZH4JOLRETHVDYQ,AEHFMY2XIP7P3MZV6KHQVLCFKWBQ,AGXW34DAO3AACVXOXNHT66PCBGQQ,AH2MVSVVA6YZM7U4DBKDG2XBZM5Q,AG5LI22SGAIXYZAJXUDGHUQXIKOA,AGQEYE3ZA7VXHMGDQLZM3VL7DNZQ",179.0,True,1
"AEEF4HG4M3I4C27OWPX5SSBESB6Q,AHNRF2HZSCFRQZBZLYECIAG4X7LA,AEBY7LSKMBHUL74SXGJDSRKKPGXA,AFZOAPDLJIFD3YE3HDLTHDSWUXNA,AGHKOJMPPR3ZWSYI7BCOFHNIDP4A,AEUXGDH7N7HYBKXCLX6ISS5XYIWA,AF2FJFSVMDNTOTK5VXW324KCENIQ,AG5S67BW7SOU7MZK7VGDTLCCCFWQ",190.0,True,1
"AEEFUBM5UGOQDCGWGY6JORVEO5QA,AHAYM6PMIGKODC5HL7EZ4X3RP6CQ,AHAX2XSXLJNPZD2VD24CXKB3YTDA,AETDMDOVSXTTR5XJPFQC5GABM44Q,AEV5HEZN2S7XTGGBJT353UZI3GMQ,AEXXGJ2SYJPB5NKCDX67RWMIXR3A,AEL73DAP3UV4QKJST55GPFBB4ZRQ,AGIBRWVH463CHA7ITXB5DLE2V7MA",399.0,True,1
"AEFVBBYV2B2FDYETNBPLPC5ZBS4A,AFCPUUTQS6WV74RYCXZXCPBZV4YA,AED7TRAUSBC6ZNGG5Y6OIPXINVEA,AGNTLUBEFGL4AL5SN3XMQ3RRDTNA,AFQA55ZPGBR7T7CLIKCCRHEDDDIA,AET5HI2MQ7ULIQI6M246745L3F2Q,AH4U4N56KSPWJ6TCMMGR7X6QLL6Q,AG46WHSZVVRGRYQ5PW3PSOIZQMRA",199.0,True,1
"AEG6NCZPUEEC3YY267IS3YMFRBWA,AE3S562OZDGHRXCXEO6AXOU3W5AQ,AE4ENCSAVBVYJVFC3GMNMRDSD2KA,AFREKZH5BGM747DB57WHR4RTR3QA,AEIFPFERCLDOHEDLTL4AT54MGQYQ,AEEGGAYRYXP6RHFL64B5MD5RVOKA,AGB7JIFSP63DCBEXSQJ7NV4QOYMQ,AGTVC53G6H2H6XPYPMPKWPVMEYNQ",249.0,True,1
"AEGJWEAXJNRH3OLXI7JE3VRTSNWA,AHYS2KFHX6V5IVVSTAAB4RXD4IHQ,AFTQUQ7MFBNNKFZM644MI322OPQA,AFQCR3ST6ASAGNFKVVXIJTEFH3DQ,AHKS4SN5RP5OHNOUF257Y6Z4QLLQ,AFVI6OGPXJR6553ANNV5WFPS5JWQ,AGNRPHZY2FNQOGUMEZG4RZJK5OZQ,AGA6O6L2CPTO7XPKKLPVCJMMKMAQ",225.0,True,1
"AEGQJH2NIAS54T7WKAHKVEO4B67A,AFDH4NWAAHAVKPQVBCSZEHPVFYRQ,AHHMIBI4WD5JRIXCHLFWBDUBUANQ,AESHIA4Q3VBR5HCJJMRGUIBHBQKA,AHV6JCRY6F36XXVSJAQ3SKYLHUFQ,AFXAZGN66ICO6QGG2A4PZVZMPUJA,AEVIV42RTEB4DEQLJOVPRLGAJBRA,AHC5UZYDEQJY55XHOYR4Y7YYPDIQ",380.0,True,1
"AEGWP42GIGIOVDTY5DG2A6E4AY5Q,AFAQCBEHAIWL5F5W5PTWK2V7U4TA,AG5M7MJQX6OLPQ2CFRNGKTC26IZA,AEFRDOHS5FREPDSZU6FPMMH5QXPA,AGUCBTQJ5SB74KLB7QHID3VMEQHQ,AH5FRUHWJN6LLDA3WQUHV7DSE3FQ,AG2DJXFBQPAWRGKC2LLG4IUWWJNQ,AG2VPNDAAPKBRHLK4L7CWYBZPNAA",499.0,True,1
"AEIDEFLG7JQYBGDO37SBXCH7B5KQ,AGWY7U4YUFFWBPLEIZ4YZWS3R6WA,AH3HXCEWLMYQAPX5RIUV3R4ULFHA,AFWDYM3RGZH3ZTQI6VVBUGPWMBWQ,AFOFO2Y527YK7Z6NVB2U2VRO5XCQ,AFR3M7QXD7ISIXY5MTYRP375RPKQ,AGTGOOPKKZKNNZTJPIXAFO7MGBUQ,AF4ZKGB6HT37NGYK4C6VZX44NTOA",351.0,True,1
"AEIFMHDK4ETHLYWSV6TUFNSJU4MQ,AE7BNHD6PZQQD7K3OKFEPFHTISSA,AHPZFIJWLON23LU5RFVBJO4BNM7Q,AEV2GXFIZ3KD7EEKOE5URJQD6IFQ,AGOKXS4TP2M6LTNG5HAEMLCKI2IA,AF5KJPHP55XSZUUXSC5OJUBJ5RVA,AF4TCPZK5Q3JFGYV4MBARJLS54PQ,AH6AGSQLLH54UPSZGMXTOGESIEBQ",299.0,True,1
"AEILGA3FG3TQAYO3EITLHUVI6MCA,AHINIWK2KZENSZSLBZWEDOZMNEBA,AHCOIX4FTZHKMCOH7TPK45D2KKDA,AHYFPG47CQW6OMLRJZSHPCQJXP2A,AEDE34W5WJGXECUXTOAKRHAOUGBQ,AEZW6T6MCZ36RCAVWYLROTAAACCQ,AFSNFNBATJC5YFJ3ML5STBT5A4KQ,AGUI6FOOCJNZ5DBLVZIZPGVHXQNQ",299.0,True,1
"AEJKHGA26MUVUZIYWZOW4B6I4X7Q,AF3B47EOSBULYG63EGZZZGO6HTNA,AGNSXRFJBDVGM7FS7YYPNCEO7XFQ,AHR53IW5LAAXGGFK3DRWRMXMM7KQ,AE5W6S5KCJV6L2WMBIOKYWQJN37Q,AH5J4DROVHI6XHMTCBAK7WWU3F4Q,AE5KAK3S3XZDPRUR2VCND2QNZTUQ,AEKG7ELYA43YNPZ2YT3ORIL2VSOA",499.0,True,1
"AEJSMM2J65DGILOOHC24C74VWPBA,AFC4X5UHL2LN4PBS2TWOMIZ2GHAQ,AEO5TWJ7OMCWVSYFCFNFE7IPHZYQ,AH4V7BEA2Q4XN6RTECG52HJ2HQEQ,AEQ567MMOMWFLO5Z2P4L54R4M3MA,AF3VFLFIMQBQ33R3XIVUEAEERSHA,AHQQTNBM4SFZLLOLXJXA7N42YTTA,AHOF7ZRAY3XJT452UT7VOSM3FSXA",99.0,True,1
"AEKLQGYWRYPMVY7BPBGHFZHW2KHQ,AFY6F4SOQGV36CVSEIW32NCNCSUA,AFZJRXAD3NPFKJU56SZBKYK3X4DQ,AHPF7KBSD6D2KESY7LO7JWUYU6IA,AGCILAMQ3VYCN54F3LUXGIFBXTSA,AGE7AOWKJLOVFXMMTBYYLT35OEXA,AGWQVVOQMKQDKPGOT66L7MEXJXIQ,AFLSABEQELMYX7MQMC76CE3YZA4Q",269.0,True,1
"AEKOR4KOSCMLNF7H2XKEERKJ4XRQ,AEMVIKFENPWUSU4YOQKPSDR2MLPQ,AHKONLROYYEFMPWU5WN7NC5VZIEQ,AE3Q5LLITMWIVXRKSDTAIBKUX67Q,AERW2VF2TNA3IAT752HDPH76RFXQ,AHYXOLBCMSIEDFBT2ZQZUWIT75UQ,AHSMRRBBAXRO4SUTY5CLNUTHR5BQ,AELVCVKV5L55NF25RIF5XOTZLBRQ",69.0,True,1
"AELHZH2PRVKJIVTQMABOTT6LUMBQ,AGNBNAIVJCEB3TBMEUWKDG6F3OAA,AEEJ6B3XBCPD2CHBKEWXRNHXM5EA,AFVUY5ZKTN2NRRFDXM6M6IOW6YXQ,AFX3VLIHVKXRNRC2HBLSBNEIV2LQ,AEQABAS4A3RXJ6CM4EX2645IUCEA,AH3SJ6WSYDG6DYJVQ7UYWAACHFMA,AFDFDVVB5IXZZBCIHG3VJVK3E3CQ",429.0,True,1
"AEMEBARDKUUI7MQSY2HXMC2DCT4A,AH36CGQ26U2XBH5AOGHYNKL5Q2OA,AFN2QOA5EGEBINN5RMANWEVQNMYA,AGLYWTUJ7XAWSKGMRXZEMUHNN3QA,AFRAZBKDRASUEHTVFD2LOQLK7DCQ,AEP7EC356VG6MRFKXMOMUB7P54XA,AH4QHKISYAAMVDYY7BKOAN2BNLAQ,AHKEJNX6BD23WELVKN25GORPR2NA",238.0,True,1
"AENFXWHBX7R7PZG2Q67PXLFGPHAQ,AESZWZDE27MOGUHBRLCLXLVPGAFQ,AG4UQP4EKBXW3ZFQFIEGYNY2UHWQ,AFOLBZKWUZVF4PQ33ISHI3DEFDUA,AFV6VAGYLU35VYPDF7TN4ZJOCTWA,AGA4MZI3ZKNPYUXSJ5OHUNI7EJPA,AFJCL4S4SSCDXKTSMZJQ7DWNWQBA,AFRUA3JDKXTUMZLL7DF6FA632JVQ",198.0,True,1
"AEOEF4FMKNN5QZZVUQDHHKWRHCGA,AEVLNWB3IQYMTNXJ56HJUV55R2WA,AFZYCBUV5DAFUWI2O74KE6BRJZ2A,AECB5EX3CJUHCFUXJLQNDKYAXO7Q,AEI5DECZOUI4HIKFFJMOOKI7EZCA,AHRLRRSDQKWWXF4P45NYCIFDQCYQ,AGS63O4GCQFZH37FU25M656C7BJQ,AHLVAR4UGQ4I54HUEYPEQSLT7LGA",355.0,True,1
"AEOHCZKNWRXT3H4Q66WMEMB672IA,AGUSIMQLSTJXNHNX4OT5KEJZO2NQ,AFLVRNJ3FWTYVR2QR7LMMAXOR2VQ,AGYNRF4LKWIYRL2EOCVDINQ62RAQ,AHUGZ3YEQ27J3KSESPRFRAKNF3LA,AGBP6M4EOJSBHZTYTH2T4BKNJ7MQ,AECZ7LYEACIXJTSOCFWLHVZLJPEA,AHOHKZ6CPYXLBXPKLZCDT7HHD6CA",249.0,True,1
"AEOM4KLP4SKKVSOCAMP7ORLGPGUA,AE4VKQV43AJEZDWE4WVJWFDY6RVA,AGAUULKME2K6WYOHPLL5XT5XLQGA,AFP5TMKVX6PTNYNMLHFCVDXCTN4A,AGNYTWD4ORSSUWNGICU3TRNRMRIA,AGQCT5HPQJXUN2FVZNCBSEQIYDPQ,AHWMHRT7TOMXLYI3XYM4K4OY3NEQ,AEXIFRBO4546MRMJHYKE2AH26VCQ",230.0,True,1
"AEPLCTMJT4PB45KID6LD2QCXWFRA,AFTPT6SDAPBP56ITOKZY3442VXDQ,AEAXGTO24BDGSEOOQZQD66GYWOMQ,AGRFU2E5332IPYIHMDTNR5CLRAFQ,AER6BVYOQILND5BWBPLW23VBZUHQ,AH3WCF4HQWRGOSXW5I3L4QNGT6EQ,AHM3BXOUUDTBKLOHL25BC3ROQRXQ,AHZKJ2F3AH7NRAMA5QYV5DKOBMAA",199.0,True,1
"AEPML5IRZNUCCZNZDPAXESOPY6OA,AGFWXRZUB5TYEIPWSULPTK7LHSYA,AFUYCL7FL7ZSW4J7EI5DHXNR7NSQ,AEMQ4TSBHCLS2GHF4C4K3CHKM6QA,AENDL564LHLXLMAUI3U3D6KV5R5A,AEHF7TORHRTMJOSTX2KYEILWRDEQ,AFL6MZDS6GWY7546AYCY3Q5L636A,AFV56MGUGR7UTIGTA35IS5TUVXHA",489.0,True,1
"AEQGYJXCSCCNZSPU6KO2ROAMEJXA,AFAXMU7HOTIJ56JF2AK52OFSTR5A,AEDN6ICRLDC6CVKYHK3F5747TF7Q,AEDKALHSURZRICZ2LRUS4QMUGK5A,AHG53EP2KNCQJLYG56QPMWGNY3MA,AF2C67JL7AXARCQIW5JJGKTMIWQQ,AGPWV7WDFN56ZITTHJJTONXPBBGA,AGDVP275BZYGQLMEGEB3RSVZUS2Q",309.0,True,1
"AEQRBL6PVEWH7MEXRN2ZI6FDU54A,AH365TQ2EE2HZM2YUGEBUUA3CBVA,AEIRPCB2GKJMM2D42JI56EZHN2PQ,AEOPPOFRNOWYNA3NCZ7FXRRILVBQ,AFGBMMBD6NTVHNHMZSTDYVKFE2SA,AHTJ4RNDSCXMGFI5GTVYAQNM6DKA,AGOJBMYF6L6P3HQ4W5N46QQIAPUQ,AFKWNS6UYCGBMT6TITLEW7DRFR4A",474.0,True,1
"AEREPHGDEP7EUMBCNLBQ67GNJQMA,AHLOJPA3DIPNKLDZVAW5XBTCSA5Q,AEAEGYFLA2BDHDKFUFJYT535NYGA,AFAC52GQISXYJ5DL4YVQHXGSE4MA,AFHE2TI3W6OLWLYJHVQNAT3C5BUQ,AF3T7GA6HBAC7MHVNY3RBAHOEXJQ,AEOHQRCRMKHNGRQRBVRQJUV3UB3A,AHRD7JPBFXQ2S3VWIQRTIKHYK66Q",289.0,True,1
"AERJZJB2VKDQ53SXTPGMBWV7Q7VQ,AGG6QX23VMVZKIKG4SJU4UBNM4SA,AHX2T2DQRBQPRTNZ64BQE5C7PKDQ,AGAOBZI6ANRCGVDMCJXTSAKF4GHQ,AE5NYBPJTJOSK4VJU4OTM75E4OBQ,AEVRANATL7R2NNKWWLDL5XHSG66A,AH3SY72KQ65HR7YHYZ2MINDATYKA,AHFEHKYNESEZDPVMXT7UVI6U6KLA",445.0,True,1
"AERNKVJL26A7X5OYWX3736CMPO4A,AEEFHVT72FRALB75Y3WUTDBMMKDA,AG32CGI3PYEPSA5OYLMRI7LIUWMA,AFCHLRXHG4OTDU77ATX2U3ZW5IXQ,AGRNDHBTVELBY3ITNVNRK5J5Z6HQ,AEQVXFTKQXES527IPEG4NDB4AUTA,AHLNMKVMOMO7SMAI3TRC3RCMUAMQ,AF2JWX6HVNTE6TFYX3K3OP7G67OQ",179.0,True,1
"AERUC72DWRPOM2EHX3YBTBPKYV7A,AHMH6RNLYI2G65HY7POX4SHBVD3Q,AEHIVP567T6DNMLNZKGOVUENP5YA,AGEE4II4FA6IYCAZ47PLZD7XRPSQ,AFE5HMMFE5Z3EJZYWVIOHHTHDTPA",399.0,True,1
"AES4PVTQ4WEANJ2E2HOJNVVBGQNQ,AGU4YJLPDKSSANW5PJMTKRAB4TYQ,AFYMT7DOR34UG7SPECITTIOGLASA,AFOCWD5SWSKUUTLBP667KT6PGKOA,AHSXXQ7JVBY3HIPIGY2EGEL37PKQ,AGZUR76DGC2434JZIPVNBWTDRIKQ,AFOBPWQSTMENPV7ZC2SSKSXWFQ2Q,AE3FF4SDT3KWMHGTK4ENKBTY7M6Q",100.0,True,1
"AESNQRQGPFRFF3MIKZ6HWY3Z5XPQ,AGPYTMWCOQQUTOWXLIEPZVT3YR6A,AEQNAZMC4QPYMUSM5WKGQ722M3PA,AHWVJOF4IVRKFY6RJRSBQ2L6ZXQA,AE243IWFZJ3BB6E6WMUG52DHWJVA,AGFHZ6AJSZS22WXJ7NGOB6KVSZKQ,AE2VJTZLXNBNDNLTOJERY75Z3UFA,AF5AP7DKNQGWL6YX2IWXG7S3CKXQ",209.0,True,1
"AET3FR7J3R37VHFFZQHMBLV5ELOA,AEURVTR2NJUO6OMIUX7AL2Q6PYLQ,AGET73SJOAW2YXZSDMPGBCTZDPAQ,AEVJJUZQMXEWZJF2MJKNQDASDCSQ,AFDQAJVNVC5DM6SHSC2TDEAZEOTQ,AHG2TGE2J6EVY6LVRY5Z4T5QXDVA,AF3QTFMFYOCXB5AQRGCPFGYLOXEA,AF4OIHI7WHGZ2DHTOI7NJPSRD3XA",353.0,True,1
"AETBZL6TIGY24P3Y6WNN2BNIZIDA,AEM5NWHHVCMHY2LZH5CHNDXON3SQ,AGNOLV6ZQ6SYXOYLHBC4ORHEDL4A,AH5GPY4UE5MUMN6G5NV2BXMUUUZA,AGGCSIEZNAMED5ULILRMUMIZZ4QQ,AFN6SDYZHCOQKXW2WE4MBM3SUQ2Q,AGD6N3XPM2FBWJ5RWHLC5UDE55YA,AEMI7K7IYACRHQ4ULRGRW6JA23PA",89.0,True,1
"AETGW4KBMIJPPNVLPKB7R7O3FSQQ,AEYRRD5MDFEO4UXUUKZ4HYJIWCXA,AECQXTLQHIUJGVCJRIZGBG74HZMA,AEG6WS6DQBW7RUYV5N6Z4QKCWSPA,AGE6GHTP6TZV6IMHAQU3X3GSEVGQ,AFPJLOHRAM3HFFNXMWTZN7GT5FMA,AHI2MWHMTDESX4HL7HFIN5B2URKA,AEDP3USNSZXGRPOONSUFGDM7YDKA",298.0,True,1
"AETHN2CGVNPVX5Y6SAWO6IO7QOEA,AFIZ6OD2C7QAISE7FEEQR4C2NBGQ,AGE43ATINMGDC2ODRZNEM4Q2SEVQ,AE2QGBWD4NHT3VTKAS4TCZY6S7DA,AGKWDNWN4W7YDLRGGLQ2W43GW5AQ,AHPZNS35WCST6ATG2RKUV5UMGU3A,AEETUHPLSOLA55TPPWJWAQ7DZK5A,AFQJDMJNV2HMS7L5OAQRNXKVOVOQ",39.0,True,1
"AEULM3CY4ND6RQZI7TE64I2BNOWQ,AHT3QSBKTAPMXMMZHQYBKPCCXXLA,AFNWEVF5JQ7ENJHBHIHTBYUZBXYQ,AGQNWKU6Y4KUJ5VINPKC7UGSMCFQ,AEPVIJMCNS4OBHRA6D5ZXYVNTXZA,AGE7NMAHUEHPYGY7HXDJVHUFMMCQ,AFW6KM45ORMBEVYBQ4QMSGG2ODOQ,AFWFPCA372BJOQZ4WQNB54ZB2SKQ",157.0,True,1
"AEVJ7N5EX6TJXU2OFCDO4HSY2LJQ,AGMGQLON63U5BK3Y4TWRMLBA55RA,AEL3456JVPVXWB6RKCYTYVXKVX3A,AEUUCRDKXXXU4LJNB3ERBXQY47CQ,AHNNUOE6JO6DYVSBCELNHU63SLTQ,AGZ65RFJNJ2KCHAFLG7G6O5NTBCQ,AE6HGV4SSK2V4C4QVOKY42KZW2DQ,AEJTMP5M2622L3W6D2YHPTZ67JIA",90.0,True,1
"AEWC3QIWDPNHJSLVO6MS62ERGB3Q,AGHUOIOWEX6YXURWDJ2GKP4N3EGA,AHSL36IV7KOAEVLS3T42EFK465DQ,AEVLT4QCRE27WKCLR5VR4PZBSYYA,AGQ6C3N3XSQHBM6BPN3L4GPDHMYA,AEBISQTRTH3NWC7NFQ4QOZVWLHDQ,AGHLM2F6LPX3PYPF4W6YUX52R5OQ,AF7ZGA2MQVDGPQEW5EUSVLMFVHLQ",269.0,True,1
"AEWMPPA26KJIWQL2VJLXEGGYGXMA,AGDRZZSAOT7UAMJBMLYPZYDNCJOA,AEHT3UW6AG4BFUEZQY6COIDBOBGQ,AFP4K7GIXSHORXZ227LZN2SROSSQ,AHJ2Q76VFBFNGG73ED2KVXOPNHFQ,AGNIU4W6TXLMBMH7JQ4I5ICZ347A,AHF4WTXSJ7OWJ6EQ2TDQQB4TGRQQ,AG2KUMJ53E7NT2N7NZSOUKNT7CVA",449.0,True,1
"AEWPCJ6MCXV32JXQHYGODOOEIJNA,AGFSVYPXDMWJWF53N4TWY3SNOA2A,AGAI5NULVI4W3QO5HBFOWS5S6TDQ,AGLP2ACOBJSBZ276KMDD733NQQFA,AFERMHRNZA7G7HIN2RS6LAQHZOWQ,AGLZSXEKXHXVIG5UQTP4ZSZ7GLTA,AGZIS7T3EPMSPXWTCFAMAOA5Z6UQ,AER4JCC2IQBXMZOIVCLZCAKLPBTA",299.0,True,1
"AEWRRSZJ7PFNPLN3PDWMWQJ2UEIA,AHWNKLMNWM55LSYHST2D4QJHIPJQ,AEP3BU7PNOTWYZ2YZ2IGC2AFJ4UQ,AH5PCRPW73ATTHHWOOCLLOY27RTA,AHYRVZO75V7QCBX2UY42LN6TPVHA,AGMJH3UJPOVZAA7KCWUGWNBPOPDA,AFA6VUQZIGTFOXBWJQEN4TRPEYSQ,AEFBEFEQHITZHESCPA42U5N2Y7YQ",480.0,True,1
"AEX7BFQ7AJA6LRX42T72KUOL5UVA,AH5RMYKZKKV4XY26DP4D44PIKESQ,AGV3XFWGIUXJHLG2TGMUOMPRHAFA,AETKISIGU4D6AWWNZQMNWVRWOJ4Q,AHJOREVZKA5XCCFUV4QBFLNO5GEA,AFJKLPLG5YPJLSF6BHH4W2MJI35A,AFYR2ZQMPQP6L5377C2CDAZNYAOA,AHV6MRKEUBJA3I3DDIBEB5SNNWVA",200.0,True,1
"AEXIMD2ECDFFF6J2U7TZ5IXA2GSQ,AG27ECFAKUL5MDR4P7O33R52MEMQ,AFTWSUMWZSYW6GG3YXVDAXHVIWFA,AE7DUUZF744LA3EMVCLI3UJDCIDA,AFY63CMR45TQ44JBPYWHGUBOQUEA,AEPIMEBYBSIKSJF7NFEQPCLPDF7Q,AHKQBTJ7JR3SO57H22GOC7SIWG6A,AEDPJXQWX34LSNG4ZOIRO2DMYZBQ",185.0,True,1
"AEXKMEVDTMU6TP5NMM6O242XCWHA,AHH7XVKA2LEWAG2VZMB624JSNDVA,AFMZTR56AXEJGRYTH4LOKDHD27BA,AF74UYGWHEFR2GCAY6QHBNBXZLJQ,AGMIGAXQAVXGZR4S2UHUNBUGQ76A,AHDVBO5VEZENUC2QNSSZSNYW4ZXQ,AHYDE266M6GFYYUA65OOK6NJSTPQ,AGLDRTUTXKGPR2GM3QZ53LGRKPIA",299.0,True,1
"AEY3XQ3NAOS4ZK53VDEVWJ72UYMA,AFENYA36PCVR7U6VQVSGHGIUH7KQ,AEEYC3VV6XNJOUKLAKNJCTNZ37DQ,AE35LUYKKECJUBLJE373GGQIZNOQ,AF75CFR7RD3EVKMOZ6TU5J7GOOVA,AEIHLPUUYWECA55HPXXHUPKVA6JA,AFAEMQGQFXD6JFPE2PTK6THIH53A,AGUZOTZKNVCVN57MFLCTCNCTDLCA",399.0,True,1
"AEYYS445R5U3OMTCXTPFPPYIOC3A,AGRJV53VRADLDOF7VTZ75QXG7Q6Q,AFRZUJVTEHFZOVRCJJMAZTI5343A,AHPGEGRJETCIIA5N5UHXPPK7ZW3A,AGUWLDNMRBUVBQTRLDFJOU7B67WQ,AGZE52HWESBYEHQE7ZWVG6MIUTBA,AHC4U7CH7PGMKPLM3K6T36QSLJBA,AFNISIS3SIIIMSYAPMEAXNWBM4SA",299.0,True,1
"AEZDBVRL3E3S2Q2C7LEY3TTQVVFA,AGASCT5TE6VHAHRFTOBANIS3CEIA,AFHGWFMHIMQWZDC7MDWA55EBUZEQ,AH5QCHOEUTDOJFO6UV2CGMZU5SUQ,AH47N5DDNXGCIUMG3NVONJ6SERZA,AF6N6OWYE2EZASDJCO4BOQD7AFIA,AFET7BHXMVHWJN5AS7AR3VHLW5ZA,AFZL3ATLXN5TG5KBUMLEY2ABSMWA",347.0,True,1
"AEZRH2UWC5CQXUVLFUEAYAPXDFGQ,AEVMIO4NTG5PTXCPYF3BTUXZ66PQ,AF4JRMMORST2B2X2W6XBRMWNKZ5Q,AHCUDG4P7CG35HNQJUAAVOYPZ4WQ,AGA5GE5IJRW4L4BHWDNC5BFS4UUQ,AHLUETN2P3TVLZUYVNMSIJ3GVVPA,AGLKQIVDJLMLUZ5MP3HOO7CDT6DA,AEQPH4WG6ITTFAJPV2MAS6SL46IQ",299.0,True,1
"AF2544C4RGIBQX7Y4JMKMSMXMRRQ,AE2BZUBJGOBQS2A3U66VXDUV5FRQ,AFLVF7Z2KJ3LC3TT4NUUSQ7PUYGA,AHWKM26UJAUFAYFUDNVFHPLN2ULQ,AHLCTCEPHNLS7KWOQIZORDCV46IA,AGCWLCS2OXJ73TQCTOISQS3NAS2A,AHCYXS5BT4PFEK3FBTJKXPCMXOVQ,AHOAXB3G2AJIRMJ6TAISCKUHR2XQ",299.0,True,1
"AF2FWVZPG6WMO4ERTECABX7BLUGQ,AFHFTUD3BM25DHFHSE7N642W5LEQ,AF7JB6HX2S3TCZRZSRJFOWRCW7CQ,AFDVOFPLM2S3QKJ4FVMZRSCKOT5A,AGDKPXTUSV3HTZTBDED64VHC5J5A,AEA6LQAAQNTPHS6NGAL6DDVFJZ3A,AFX3KZYHLGEF5Y2EAEGRMVVPBHTA,AHXGBF2ZTVWC64GMFRCTEINBQZIA",379.0,True,1
"AF2OOHAIFJV65X44LFLRPUNYNXJA,AEL7OJOT5HFIZJT6RTL22ZZAUGYQ,AF43XH2JF4FSNTEDGKDV45XU3YKA,AHCQQW6WJP6K3IUVKIIXHIUVHMEQ,AG4RZWPPUDNODTIYYVLFSFHEKF4A,AGETIFKS5QE6BZCQPL5IFZ55INOQ,AHJVGRPUU4HSNRCPSCNXR6H6QHSQ,AFOUP7R7AZ6BWMGBDPE7ICSN6R4A",349.0,True,1
"AF37SWB5BJAXD6F2Q74M6HJIHADA,AFP7XI3X4GGJVQCYYPJZ3Y3KZJFA,AFC5CQXBCJCOU4VWPCMLLQV5NJRA,AF5L22PGGUCE6JRZN7Q6CZJMMH5A,AEZQUPHUINOCTERMXT3HOTVPLYGQ,AGLYWTUJ7XAWSKGMRXZEMUHNN3QA,AF2GJR4HSNPC5E7MMHUMDK5QR4PA,AHR6Y7I727FA6UYUHTZYNGOGDV2A",266.0,True,1
"AF3GETWWBGMLASY2KKNNBS2VO6DQ,AEZPNXZLF5U7XEX6TOW3J56C3XDA,AF772O5YC4ZR6O2Y4VMIWTWEZMPA,AECNKBFNUZ5AY4RLJIYQOHMMKQVA,AH7MHPNMOPCXJHV56ITYG5BNCVNA,AGVVJUVII5T3HT6O5F7YHQNOXCPA,AGEDNYHQPV3GSF7ZKA3WWGDLKGGQ,AEDVHCTFRSHLBEEGFK3H45GATQFA",157.0,True,1
"AF3I4EPZQIK3OVITINOGTUMCWQ7A,AFGJUJ3SUS35KINKLVKUSSPQOF7Q,AFLU4N3XW4NR5F76OYE32MFHFNDQ,AEBQPMPROYPTAQLTNBBFS4OQBYGQ,AGS4LZEEXWBXM5YCLRHDMZFDHVXQ,AGTW4HJCRU3PV3RWFQZ3OY7A6FLQ,AHKHL25G2FSHGHSMWDVH47N2IEFQ,AGY7TVIILTBSFMWBPYTIWLTOEZ2Q",199.0,True,1
"AF3XUWT2436N7RHNRA7RNALJB74Q,AEOI5IZQ52FK6IT2FCZNE5LUCBNA,AFHQK5EVOXJQOV6ND7A7RESRSZXQ,AERDX5Z6F4SNHSYXM6Q3RKZHNHRQ,AGLTJEIA65FMSJC555OYU5ZMNOLA,AHRW74XAWDCJR7LLTQZTX6NNTY6A,AHNLND23LRRQQ5HTBQGEKYKUYDJA,AE3WB4ZVEGCMAZMHPCPLCQNKKQHQ",204.0,True,1
"AF42E36WI766TJEIU3A43B5SKHDA,AFTX5FBSNUBV4KDAAFCLPYVIT7PA,AEQ6GH2IHN2VPIDQTT5LUKGH6GXA,AG3Q4BJZXEPHGTX4QEJZGHQJIDMQ,AFPKII5ZDNUD3OIMHD5FUTKBOGNQ,AFBGSJVXAQRB4AOEX6CFHBBQEVXQ,AHLRNSGTZ5G2HBYEKPABQST4A3NA,AF7X57ZWMMENYXKPBWBXQVLFZ46Q",252.0,True,1
"AF4OLYBDMHJV5DUGONVIH7GU2V7Q,AEZNF3N52DQTHYBJ6ZKUG7UWXDIA,AHJ57SAHKACWMDHRDRNH5UXKQXRA,AH4FR3DUUHVLCFVUWCBTGF7BXQKQ,AFDFQBUFDOO44TCLCYJUSZFXRGBA,AH2JJHAQBJCR3JS2MWWMMOJ4JNPQ,AGMA33G2B4VFZS7GEQGKDFA7YM7Q,AESE5F7Z2OTRLIJKOPESC73ZQ72Q",319.0,True,1
"AF4T2X4ERS7QGU6JMK3GRNIMH2AQ,AGVN4E6XEWZFGGBQRKLBDQDRJW4A,AF3LTXGROTRPTNO747RCWCTEONUQ,AEIM7QAPGI5IXJG5XRJCLPBNDNZQ,AGWGB5WLNQZEBFOISXW562TNCKNQ,AFBZ5YXV5MZWW3BL6D74PJDKEM7Q,AFAQNP7A3V3LBMYSP2GNUNTQIZ2Q,AHYFD4V3SISZ2UMN2RLAF472Q4IQ",184.0,True,1
"AF52SZE3RZ4OMSOTV2XLI7FOVKMA,AH3M2HOCS7VMTXCOYYI2AKZTFQDA,AF3XCKUXNVV4TXZRHMFCHOP4A3OQ,AGFDIWO3DFWN2Z4EMNSGIOVOBHEQ,AEVS6WG5PFGQNGWB34Y4NBYQD5SQ,AHBHVBSLQAZYWDF5O7IURE36WXPQ,AGEZA6R66R66NKFHY5CKESBG6S6Q,AFDB5OD5HO5R7BDUFTK2VEMEOCLQ",199.0,True,1
"AF535RV7I3GDWBJZWB7HOLHYAUFA,AENGUPOM2EDK3DTX7BZUWYKZIDJA,AFDSO2WPP2FVD5GLVREORVV23VNA,AG36G3XPHERLKRDG7XYQ2IWJWPIQ,AFZYCNGGJWPEVKRYOBQCJFBFPF2A,AFRJUP6OCPKPDASMS3ZF4CXWXCXA,AEW2RGBB7GXPNUGFBMKMK4OKGE7Q,AEGZCGGDNS4ZRNPG3CDULRVB5Z5A",199.0,True,1
"AF5YTGKUGQPPKFKV7FI2WPBEB3FQ,AFC4IGBAWQIZUIGT3HAGY3JZT5YQ,AE4MWULC56KNGZ5KY6KVDRZ3IKGA,AG47LLM626L4ZVY57SFZW7DRFXKA,AHN7KROB4JXXDRI6ZVYUNQLPABWA,AHCMLMTP2OQVADDPGN4KBRJMR7ZQ,AEDUUPZP42KTG4E4WBBN6XBQ7OEA,AEZDPO2SL7ZV6NDT4S5BGU3YO4IQ",298.0,True,1
"AF63ZFTFFODG7SUOLW4HXHDUQPSA,AHCXNGYHWBSZ6FJZPUDRAFN6IVDA,AF7KWHU33BSKUSJ3JTPU4X2NBYLQ,AGHD4B4QRRL44PJCZEPMGONDVTJQ,AGI3IQPHZ7GWIDMB52JK2PXNFFTQ,AHV2PXIU5JTWA4FJ3IDGCHRFLGIA,AFSRWHDNHTHHZGPN7I2QBDAMOIVA,AEUZCEJW3VTJKTBTONLMQFYOGBNQ",175.0,True,1
"AF6LRVDRKYWPTZXZLQERZ3LXCWDA,AG7FU75LA5ONPMNEVH6X47PHPHYA,AG3YRWMWYEW3G2WELWCNIU2H7HQQ,AGXZDH5CDJHVZVCYA6555BIZIWTQ,AEP6P6MBRADJL3SDICYEMQUWXVEA,AEVOU4VDGD6M5VOUU47DZ7JRABEA,AGA3BZEL7AM75FQS67KO32HQKWHQ,AHYU5NW2HTBFSIBPELM5BWRVFHDQ",199.0,True,1
"AF7BXYFKSFYOMLSKCZE4ZVWITELA,AFC3WW5ASWRLFETWSIFW4DUFAXEA,AG3YBDVYC4S2ROATG6F73M2GDOJA,AHSDSN3MIGD4LYSPAEYNR6CLUMSQ,AHF7FOM3HINVCDH3I3HLPB7B7N2A,AH3MKPYMOQYNRPSGQ3ZC3YFHNO3Q,AFKPV2TBH6JBO7XK3E4EMJDEEGTQ,AF4YOKQQSLTSO7QHYQUEF4KD4MIA",349.0,True,1
"AF7EOXYL5K36BDP6PXF6K2TL5TPA,AEN7NV2P5WNHM7EXCWWWES43N3PQ,AFFCNMMFC5VPKDGX5FGNODAS6Z6Q,AFQJM63Q7OMAP62BP3TB4YQEZAXA,AGN5DA5YJ2ZNRT47PCFQTDEDEHNQ",399.0,True,1
"AFA6NJKGCITRFOYKD2FMBD44UBPA,AHMZC6VKUENGIMRG2EPSXG6RH23Q,AE7RZUVJXGKZLFJIM73AQTSJ6UHA,AHAXYLDPLJR5KB45YNUYJN6L7RVQ,AED6534KQCNZBMWINPAQWCHZN6FQ,AFSIL7CASV3Q2ACX5BE7KDJLWYZQ,AEIM5O3GZRMQXNPWZU7KFLA5Q5CA,AHAHC55DIXSRUXGITFAGPVUMWGLA",189.0,True,1
"AFA6YM4NTFRGHHKYN5U7HUYEVSUA,AEB3EVUTQCHIE3PGITWK72Q6EKTA,AENDMMCGUEYDYJTVD5GZ7VWYOALQ,AGYTNS7EN2WZ2WQGLKN74NA75PNA,AFXQSIUT7B2DVWYGONQGEGVMGFTA,AGBSRQCSUBTYN644BB4FVJBC6RCA,AGK2AGWUMBCU5TCFIZSFDJORZH5A,AG6DLOLZYH4E5ZATU7HOAK4REHSA",149.0,True,1
"AFAD3K54MDC5KWKEIL4GPRMDUCSA,AHKLFZK4YWYVSSH6RENLODXSQEWQ,AFPEWRRHEEB7AE7UXZZW6AYFGI2A,AGMR6IFE74NZ6I2AKCYNT3OA4WJA,AFLHIPN4MXE2CDTUI675U5BMGJ5Q,AFG43ME6P6CX2VMBEUJ4A3VILLIA,AETAP7PLIHXSLRWHSKZ6CB4LUOEQ,AG6EJGP5G3XX3PO7XUVN23XNF7QA",479.0,True,1
"AFAKLGJPBTX3EWCXJWB6TF4LJOXQ,AHR5LL4YACXI5EFTGVBU56XUEG3Q,AEWZWQVWEH3665BOU2QPVBRLTTSQ,AG4K2GZXDJUJR73746BVI5ZCXXAA,AHRRE5O2H4IOLL6MP6GQDG5WA7CA,AHXDIZAFO4I6IXLPNGBHUSK7UZBQ,AHTLGCL5SZOQA3Z7FN2JPUWU2FAA,AGWT3N6VGOTZTXX4EK53LSAV4JDQ",99.0,True,1
"AFAKLGJPBTX3EWCXJWB6TF4LJOXQ,AHR5LL4YACXI5EFTGVBU56XUEG3Q,AG4K2GZXDJUJR73746BVI5ZCXXAA,AEWZWQVWEH3665BOU2QPVBRLTTSQ,AHRRE5O2H4IOLL6MP6GQDG5WA7CA,AHXDIZAFO4I6IXLPNGBHUSK7UZBQ,AHTLGCL5SZOQA3Z7FN2JPUWU2FAA,AGWT3N6VGOTZTXX4EK53LSAV4JDQ",99.0,True,1
"AFAVAR36WZOZ3TA3WC3KI2OKYJ2Q,AFG2M2SXTLVAQPPIADLDPE4FCLEA,AG4RNET5VB3G2D37WFEHZV764UYQ,AFNEINFKCBDEN7HOKXHHXVU4LDTA,AHGEURQ45YJNNNFH5RU3XS3HVOXQ,AH4IHZ6OEORKRRITBR3OU6LV2RSA,AF4K7PLAIOCYLKM6GPRXS43XTQRA,AEICD6CA4XTLZ2ZLKBJ2NQWSAGGQ",499.0,True,1
"AFAVJJJRDJZCFKPZ4ACGTYBLRJBQ,AEZBJMTSQQ7IGWYTZDUQ24KXSFWA,AFGZQNTKB7GCYDFGCOV2MF2VBSXA,AHM3MJSP4J3IJUZE6ENH3352KDVQ,AFDE6CEFGDYLXV7SSVU7NCEZKXKA,AHNR5FBWUV4A5XSJXNBBK26US5XQ,AH2YX7BOKWSCK4CRS3U5IOHLPPQQ,AGNBRGWKNVYUJI43BQVDG7UPV6PQ",299.0,True,1
"AFAYH4FG2MUZTFGDVONVIOV4W3KQ,AFXA26HZQUFUW7XEXH5GMEEZSPMQ,AHFDNDR53QEPY535GSA7C7ZDQ5DA,AGXTHFOTWKYIA6ES5PVGEF2IHWFA,AHCSJSWJF6TFP3YDLCRVCNWPZFTA,AELOYAHMYOGED3PPIMLJIHD7DHGQ,AGNX3V74DONZBBVE2CYREKRCKAQA,AEG6YPCCZCXOX53TAJ7RCARHGZ3Q",139.0,True,1
"AFB5KJR4Q5FICAHBOPDPUTB3O7QQ,AHW3QBHDOUMXODZ4EAMHD5JMDIDQ,AGXRGH7DLS3RVFS5KWU4PGR3H3GQ,AFLIHOX2HH7S2OJAD63UAHKMY34Q,AEHBE4U3HD6G2TMSHKE7TNZYOWCA,AFHKIURZM4R62UEXTOCZLI2FPQ6A,AEW6K4E5A4RUWRFFUDINQE5WWBSQ,AG4LMDCRAAKD4U2FZ6B6N75KTHXA",199.0,True,1
"AFB5KJR4Q5FICAHBOPDPUTB3O7QQ,AHW3QBHDOUMXODZ4EAMHD5JMDIDQ,AGXRGH7DLS3RVFS5KWU4PGR3H3GQ,AFLIHOX2HH7S2OJAD63UAHKMY34Q,AEHBE4U3HD6G2TMSHKE7TNZYOWCA,AFHKIURZM4R62UEXTOCZLI2FPQ6A,AEW6K4E5A4RUWRFFUDINQE5WWBSQ,AGAHH7PWXC4ZX235QLJVVHU76USQ",199.0,True,1
"AFCEPFOBTC7XT2G2WLISEFCKSTMQ,AG7K6562RYGYYIWLBP6GELB6DZ5A,AEKVZD5V3FF7WUS2PTBK3K3SEFPQ,AH2BZV6MIJYW2HIP3CVTQ44NOXDQ,AHXWEITWPBXRDFSHW2XGLDXP4FFQ,AEZ6S3BMNXVG7NBZC6KJRY4K2IHQ,AGQG4SLFJRW4LAU2XMKXEXUWNT2Q,AFOQYWSGIAUJENDCDS563HOHPMRQ",244.0,True,1
"AFCNMPYF3HBJZ3FYMKXQAMR55OSA,AFW6KM45ORMBEVYBQ4QMSGG2ODOQ,AEWQF6RZYLNE6KZGF7DKK3C7IVGA,AFSLFJUEJHEFU5FAYUPIW2DZZR4Q,AEFUZZHV62AGF5NW5JJMEQI5TJ2Q,AGYOCAXRDRTOABD7L7HRINORYK6A,AFGWCA57CSCLUTCHHHRQOHUZALAQ,AF5DDVYNOENPTAMINHPTVCNWPCZA",90.0,True,1
"AFCTMQKPVJI6Y2JPIGDKRKIAV43A,AF6XUHN32GSFA7LFG7MHGNXSKBEQ,AE7CCWXTUAVBDTLXQJEP7M5M7FPA,AH6PG4VBSGWZNZWULXHBO772JP6A,AFLHQI5WLHXYFRFITHAHJL5PSDSQ,AGDIZUYGIWBTV55BOB2GOTNY6ZTQ",498.0,True,1
"AFCUW5JX2EZRGRGNHO65DGJ2ZNXA,AEK5ZL5CKQD6YJFWXH2AWMYQ5L3Q,AHTPC5KX6RHKRPKQ3RRUF7ECBUTQ,AGCB4VTTLQMUON2RGBTNCDTTIRVA,AGQ4XHSMAMTMH3AKNOVGTURDJLDQ,AFVZGUHN6ZIFJGIBXSBAFVN23LLA,AFQT3KCDEBTI7PX2J4W7P3CRNQIA,AGPMBJGS7TX4RMXZRT2FILK7ZWLA",99.0,True,1
"AFD544VTKFVTUBCBN3HKF2KO33TA,AFGRUPW5QB7WCNB6QKBQJWLRD4SQ,AGRR6GRZAAPRWPGGLWWM6CDWN7RA,AGJGG57T4EJP24EKCE3C2CK4NW7A,AHVU5PK5OI6FPAUBWIMRVJI6R6TQ,AHMOWP3T2SGVWPONQFVMQF7VXWKQ,AEZVTURO3RCW36HWUQCQOZNUVTUA,AHW4IKM2QWQX22HWYCOLRRSLHPGA",369.0,True,1
"AFD574B3LT7V3OO5CRMLVYUWVDLQ,AH7GUHDHH6BRJQAKZSWN2SRQGC3A,AG6YFIPWZK7TFOKVJJTYNM25TCUQ,AHLAXX7RIGY6XLKCS5X3RRIMJMHA,AHVG34735ZFEUTFNWTE3CN6DUPOA,AGWB4RQND75EY257QYGB2MPW655Q,AFHTTR3AJAXNL2L2DCMTWPIBZELQ,AGQ7HOUDA7K64AQCEWQCKTRE2X2Q",139.0,True,1
"AFEJFJOFJO4XQTAUFXZALFURTCUQ,AFAXUU47RN762WSSN4WATCSYAJ4A,AGLOERHFT2VT7MSRJVX7AR4YJKEQ,AG43C22P52ROYFXBHCND6X3QI4PA,AGIC5NIRGP4DCEB4RYQEK5S3IGRA,AE4WAZZ4DGMPHC2IFXOPULQIT6ZA,AH4NTJSGZJU46T6V3HLTRFW27U4A,AEDYRTC4664YWM5FEQVQB3IVCAMA",449.0,True,1
"AFEQNJUAIGTASKXSGSUUOTDMOMDQ,AHLF25KDQCPPRDIZCBICU5XG7ECQ,AF3JF6J5KVUCB7KOGLU6Z3OE4O6A,AGMLLOV22EXPBNLF6VLGFTSABHHA,AHHHCRWKGCWA2BR7WNSBRHPS24JA,AHXCS37DGQHLE7RFQHFYPWGXZICQ,AE4W5ONOAXFJGV2L3AE72XWKSUKA,AFY34GSLURN6WLMJGFOGI5R2B6LA",349.0,True,1
"AFG3EU556AXTCQXSTGYD2ACM5H6Q,AF65DDTW2IWXZ4TJJ7ZMVMH7J35A,AF2YGWDQLV72RCMMOSU2FVQCMVTQ,AGGMCQ2FU6ORE3JKL6VUTHPQKZZA,AGJK54UTZLRAIC27TJYRC2FITPNQ,AECA5GYEXI5PM7SREQZXQQBLP5PA,AGVJCBYEOVBLWDFZ42IPRVYU25RQ,AEVPRYZLGHNMEZA5BYGIX36LYZXA",455.0,True,1
"AFGN6I3CNM2SKJXVEEVVXF2DPB5A,AFTMO6CVOY66R3ZORYEHYHDDHL3A,AFQ7YB2KKQJBIXOR2MDT73LJC7AA,AEZVWJFOSHCPWTVTIC7FYUU3YRVQ,AFOPZ6WMCGGEECOXSDATEOFTCUWA,AGYWWYHWWVCHRHGGPXCY2L5IDBRA,AFAZ2MPQWPMDM2OHEIKV7I5JA63A,AHVDHPDYTIGZ2AHWP3IYEBWBNTTA",173.0,True,1
"AFGPSJTYN4E3AQJH23WKOKD2FZCA,AG62ALOQG5SNE6G6BINPN3PFATFA,AFM6X3COP5XS2MHBZ4FG7WI4J6FA,AFFFREUP3WNQF4G2XFGWEFUHIAFA,AHVX4ICC7N4CYLFRKYLA2EMIRS4Q,AHOBXQOMXSK25FW2L4UU47YQZKWA,AE2HYLZSTHIFFYG2VTQEUMEZJNWQ,AFEWFFV3VAMZVILMHJAN4GQRR4XA",474.0,True,1
"AFHCG4ZUNHS5X7PYX6IPZA3AO7PA,AHDH4K7B4XROK4NUUKOQMLVUGXKQ,AFAOEOKOE3IHNJKQDHAZ3JY63F6Q,AEIIOCCDVYEZSGZVFZSNYZKHM6HA,AGXJHFAXB4ZBSYHCSJUOU6TBXBCA,AGRDQEDZJUKOFPT4HQ6JNPP7PXYQ,AH4A6BDLABV357G2A6HQGCJ7KGYA,AHHJ2MPEQDEB2OL5VELPVKG7HA7A",453.0,True,1
"AFHDJKCENRGUUZD2EYH6VDCJO5SA,AGHWZ6VIDNDWZOTO6YROX62J5CGA,AGFR664PXRCRSQRQDL24BDLOAQSA,AF34O4J6KAXDARBDMH2WQ3K6RVNA,AG6MBOHY6DAS5HA35XTBSFMJZKPA,AHX27HPT4SMOSCOOEJKZYKUIWN2A,AHP5XVXHFNOISFJBZ3NQX75EC5QA,AERIT7L44J4U5ZOSUK2JOSJF67PQ",299.0,True,1
"AFHX6LN2EGRSLCIKZERTK236KJWA,AGM6VKOVQWLVZW5NXUZ2SW6UHGJA,AGZLCVRZYQW3ADFS7GYJVKYQFE5Q,AEA2DZ4UBGO6GPVDVGEAIAQ2AMRA,AGE6XPOPKNMLZ7ZXBNTS4FQKJVWQ,AHASGLBOKKQJ22ZXE62YX7TBJMLA,AE54UCU6AOZMSSLTEX4RTUZXTI6Q,AE7GKHRXG35GBMJJDCQ2ALF4UQRA",259.0,True,1
"AFHYWVMTDKYPL2TFEVYTCNHJPJZA,AFUKWUHPUS35ZCB4XOG26NR5YBXQ,AFNVGS6M3PUPVK3FR55C5AVSIR7Q,AFWQYEZ5HVIOG5VRTHLIWRYIGD6Q,AGMINKRG5YTFK5A223RNNBJ3ID2Q,AG5YTR237OL7QUWL7BV45DZRDE3A,AFL22C5ES4DZSC6N27NNFSYLU3TQ,AGKD3IUKEWT5HRQB56DORJJVJEWA",199.0,True,1
"AFIC3QEUDEWLWIHED5B64254Q5QA,AEKAQEDPX7S73J5RW2YU5SZKTXGQ,AH5DWYIRRSDMRTEU3V224I2UCBUQ,AFIB4S4TTITWHDPKW5U3JISOCALQ,AGIE63Y7UCQUKSDR3PK6IUPRTX3A,AH62YA354G4U5AD2BG3YI5H7MXMQ,AEONKCD4VUEPQ3YEK5JMVPGLCDDQ,AHLBCSKY2R74QDIIG43AIMBG46NQ",99.0,True,1
"AFICHFCZ5WJJOZ6HM67EQ2L3YYTA,AFRGLG5OYGNQX7XQRZUL75X3IRDA,AFA6Y4X6JXUJS7K3ALWAK3B33GZA,AHMMGE7E7A4MRWPCBASIPVF3AI4A,AH6MNV2WOAZU6TJAQ2HR5B7UHNDA,AECZ74YEI7GUHN27KFQKRVIEFCHA,AGOPT5ISDG5GJG2LCY6HYOV6KUDA,AGWJ2WGTJWSGOVXK4FZTGLJO6LLA",279.0,True,1
"AFILRU3X2FCDPDW5UKLT6C7OPJSA,AFWTGD4FCS2E2U2TDCOEOGP2FWEA,AFHMG44566SPMVPBLRU7VTTJ26VA,AFBDL2XOOPYMHMLABSXN4JAF3WOA,AGZK3EYB72FFZWRS77DCYORIIZZQ,AGPQASU7OTDRO76TQFWP7NVDKD6A,AE62ADD7WHBES7SB2GESKXCE2R7Q,AFZZ3LQJXGZL2I3L2FI2I4ZYEDPA",199.0,True,1
"AFIVMGZO74QYOK7KXVJMFH36PTPA,AEILB3YJC5WD4FNH2SCVAGPRDRBA,AEOCPQRJLJDQSJTXD4NVM6LYDWLA,AFHPT2SC2FCLRFYAXBVAYHGPFA6Q,AHDEBPMFVRVWVX6O4KIOLHJ743AA,AEHTBYQI7XPSICO42RVPPDG6GYAA,AGZFM5HJWJ6EYQ5AKAXM22NAPRLQ,AHFUCGQIN5PXICCP3SSBXKBIMIIQ",399.0,True,1
"AFIW7SS6JYD246VDPFCNSS45PH7A,AEOI3LGG2G5YAM647D2WYTRHMPAQ,AHSKMWRIGAXR4TF5RMVJCNOIAJZQ,AFQ5YTBEEJ6L2CH67Q3TNTJDIJ7Q,AG4AFKT4PVRYWBKJMOJEKFUSU5MQ,AFPMOPGPU5NWYHAOEYSYXPI5S63A,AEK63HRZEJ3UTPW5TRT3E5PXAIQA,AHIHM65JP3HOHP2GPPDMKIAZJQCQ",177.0,True,1
"AFJ4ZH2VBT7VFHQNRMCEX2L2LBUA,AFFPHN5H4FO3XR2OZ3O2WJU27FCQ,AFYW2E6QX62PBJAJEIOE25GCKXOA,AFRF3MH2AZZR7AJQFT7A73H7D6LA,AHTRPDYOHYTPMP53RQDET3NIEOKA,AGIIYMV2W7KQZQA7G4IAJ2KT5U3A,AFC7G4ZMZALNTMXSNZOXFMWGXW7Q,AGRF7QVYGI7QVV6BKP6POB3OLT3Q",199.0,True,1
"AFJ7UDS63R5ITGAMOSRK7KNWHSSA,AH7ZV5NZPWUYLZQLPVYXXYV4VOVA,AHIHRVMHYHOH5D52QNATDQ6G3VRQ,AFDTXWDJNXAYUGM542YUPNIBHBOQ,AFICHFCZ5WJJOZ6HM67EQ2L3YYTA,AEP7EC356VG6MRFKXMOMUB7P54XA,AG2SFK64KDQ5YXJ2DRZSQHA7IAIQ,AGKFITVCPLXDAGC5SLHFRLXPQYYA",299.0,True,1
"AFJIOGKIZE7HIIGKY7UQYGKCHUTQ,AHWYLGBFCUWXVK26AOQEY7QNNWCQ,AFYXCGFUYNSPE2MMMHPCDDG3MPKQ,AHJDPDXYI34BCGDP4LO6EHTJXSWA,AEDN2U7HH4M3FF3HHDBHYZM2V4DA,AGBGH66QZWI6S4A5A65VS2EGULVA,AFITUHP37XFHAR6LTTXOSFZIJM5Q,AE4PAQOUOTQHDRBH74KKGQAMW56A",299.0,True,1
"AFJLDRIDWU5X34BNJZSWOG3FHLRA,AHXKIRJTURRXQ7DQD7U4NARBKULQ,AFQO7DAL3YEZNXXLN7TFQIWVO3IQ,AEYEAXP3BZLJKEWT5IPHCOH2KTXA,AFDGNLHZOGP6EQITYFRG7NVKFJWQ,AHRMTJI2P2FYQXZF7P6PE3DCVGSA,AEPVE4Q7HRVR3QMCG6ESOSXYDQDA,AFX24UUAJRY7IISDXX3BFEDKLDBA",231.0,True,1
"AFJXTHVSM4WSXPKINO6S6L4OI5CA,AFCTBE5IW6HOJ2ENFG5WZZNRBVJQ,AEQ5OVCZQLS52SKPGHUA2X3GJIYQ,AFVPAVVA7NTHCLGMLLSGV56WS42Q,AH44VG4ASUF7HIFZHFM6WAI4GNQA,AFCOZOXOMZ4PVEU323VFOLNOT6YA,AF2JRH2ISLR6MYBFP37T3NWBIMHQ,AFH2YOAAGY2IP4U62G4VZ6ABXJLQ",229.0,True,1
"AFL4CXIRQT4PT764WYAH2OT3TSBQ,AHCADERQGXE7VE4AC3LMB4JE75WA,AFDGKQUU6XZZCFHIU6DELP2PXF7Q,AGBK7JZOUSPLSNOB4YRTJWXVMKRA,AFZKOLERWHICQGFIVYFDVDPJS56Q,AHAZ2SAFDDJE74JFX4XEYZDFQTJA",199.0,True,1
"AFLKEO2K6COQHU2DXPFV54VSZYDQ,AE7CRGIWRNSZMTVAHR3SWOUQVFUQ,AG67CGR3C43TNGHCXQDEHUMT5QSA,AF3ZXSDNA4OBYAYA7DKTZ6QOZOZQ,AFD5PNXQHWWDULY26SXS7SIYRG2A,AFNOEGQW7O3AHVLS6EBSUQP3VBXA,AFYHQLI23FMT3VQTHL6MTDZUMRVA,AGRKUDIXVSUQBXB2VMMCZZZ7QPPA",489.0,True,1
"AFLLEPVLIAH2DFSHAZ77KWFM72ZA,AHY2YZWK63CNZ626MC3TFQRBB7RA,AG3PG2EM3MIT6IYPS5KZRIAF4QDQ,AE2KS6ZY376YMGX7RNKV7VXUEGFQ,AHUPZTSAPO7GABNBTIBDYNFKYFKQ,AENQGQZ4L2CTB7HT4QUUZB3IJO6A,AFZDZGWHZNPZ3VLECIBYSFUDGT4A,AGOYRUEHDI3SH7N4KBLQS4KE6G2A",499.0,True,1
"AFMALPNH6MGGBFCSBABKO6HN2KKA,AHVP3JOVGO4JRMQQPHMEUNYSLZEA,AGMHQJ2A77R33DA4XP3ZHYOMOTHQ,AF5VMYLEUAE5OBUOA4XYAVE3FJEA,AH5UVEDAQ5T5QN3ZCZIDM5TNAAFQ,AHKX52UJ5M3DNLQFUIONNKE3TSUA,AFWTGD4FCS2E2U2TDCOEOGP2FWEA,AFAFL4TW6TSNMNULD4R22QMZVDIA",449.0,True,1
"AFMJDZKFVMHFW64W22IJYRZLNS7A,AFQ7WK2RARMAY3NCZVYXQ5OH2XGQ,AEGVHZAPQ2JZ5NRAROTG75MC6PUQ,AHXQBGXJGDE2LRTXCTNKJA4ELAEQ,AEY3S4MECAO4HYQZYG4CTY7EQAOA,AGL76XCJ2EWY36ABPD25DHZRMQMA,AFUC5YIDC3M4XEGLETZWLMIFJT6A,AFTW6YWBCDN5KJ4MWVXSFPHJRD5A",199.0,True,1
"AFMJG5IJKO7AFSAAXTAAHIKK4DDA,AHDEDC3POAU5BZGDWP33QORI3YEA,AFLPTFP6N5EL5WWVVB5ELDFJ6DPQ,AE2IURVHTZIHYVJSWHTXDKEF3QOA,AEY4DSGBLEDYOHJTHH4VKWLS777Q,AHLX7ZJKWBQ6IEC5R7O56JAVEHPA,AERUNKZJXZDXZ7WPIUH5SQHDDWUA,AFJSTDPDPNSJF5IOIZN4ALD2W2NA",308.0,True,1
"AFMYEBPS6GDJSJNW3W2LA22EGVZA,AGYRWNDZCQ4RHAQ6YZIBCQDFMH7Q,AFNLLROSLYHITIEK3AUCH7F67BDA,AH2I7KKNEMSGES3IVG6KQUBRENCQ,AGMK6A2BENOKD2ODSRVUFWWC5G6Q,AHCOYDQNZS4UUSG6CUGPTYFADJWQ,AEIVKBCTQJGOIDNCWIZGMGGBFZKA,AEBOS67PZZ65W6MOFB5TLA3UMHIA",379.0,True,1
"AFNCX33YXD6T4LAWBFYXN6RR7LZQ,AGOJ5KXS5VV6NQS3XHAGRDZ7S2BA,AFWEWWOEAAHDSL4SLZGRNGT57HDA,AFNGBQYXHSKNKA4E6M7RBIESDL2Q,AG52N6UOIS5XRAI7K6RRCGIIGGYA,AFNUG7NKSURNWMYX4JL5T7CL53XQ,AEDDSZIS6P2DL7Z4MHVXUKLW73QQ,AFFTXR2YGTS2NVJHQAAWSV7UNBPA",249.0,True,1
"AFNGZSZUISNZ2SMAN3L3OALQXS2Q,AEL2T4V2QAHYRIJ6BPMOETWMGLIQ,AHEU57WSVYX3MYVUTKXND7722D6Q,AH7GSAGP2FWNNWZHN7Q56Z2AWLVQ,AGIHBFWNPMXWTJOAUVEHA23XKOBQ,AE54CJHDDTC3JOR6UCSVK4UCZTTA,AHXT34K7Q5XLB7MNGS4NFI2VBMVA,AHTP47A2GMNACDBEPESZBPCQI2UQ",99.0,True,1
"AFNMA3FQAONYMREOFLNYF2RV4AOA,AHAYDWCGM4QNXWBCRC5LADVNADTQ,AFQFYAWOQX6T6PE5UVBUEFNBZC5Q,AHCXVEDVUKHZFJY5GZOVEXXZ5FBQ,AEPAT7E6LUSVYZ6BFUYULMMKN6HQ,AE7Y6RN5W7UID7VMJJWVAIT55JAQ,AECBZRZ5INBTHZJJIGSQJNEEEUYA,AHON2KL4HI3A5EPJ4TZU2MQF5ACA",289.0,True,1
"AFNXAQBP6KZJYZD554ML2KJJTQVA,AEDNDMWWZ33RMM5UIXXGMEPSUYFA,AHH62JI45VG2IAZW6LEV5I2V5A3A,AFC6K2Z47KTGVTXKS3ZNPUEVLQDQ,AFB7NE24HEWG4SNDZWML7IYYMBLA,AEM3IXZKUN7EH2CFOJS6KL3YIFAA,AGC7SAVEMKWZRSJDQWYIBH2ZOMFQ,AHQS3NTHOXQUMLMUAE3FN4LSNCHA",193.0,True,1
"AFOBWTUOP4PHZ5K7XW4SPJWKDIKQ,AFYMFZN2MFKODDI25OZKLO36LCHA,AFRJ7RO4QSGVXMGOMAYKDF4NV5GA,AHH3N6GR7D7M2TQEMQ2YQZ6E3VSQ,AEWMKIKL7BPEMHC27IUYWYM2T7IQ,AEE7B7WVQ7D4AVZ3PNCXJEA36ZWQ,AGJ7O6CXXXUN72WOV5JID7X7ZBMQ,AFFDNRHZZZB4RCDML523QW3BV24A",199.0,True,1
"AFOJ6DLJQNWRLJIVLU25OZILE6RA,AHWP57C3GNX5E32HHWT43GCSC4FQ,AHAKSS633XQSBDP63G7OCYEXPV2A,AG7IZHWLVWLGGYDRPI7FNFT5FTOA,AHQTUOLZMVDGHM233DHLOCIGDSYQ,AHBXADPUQXAIJI5XTHUKDWD3OQLA,AFT2P43UBSNDT2FIVCJGU5OXO4IQ,AFFDTA4C2KBZN6U2VLE3H4Q244QA",449.0,True,1
"AFOYOG3YKIOLPTLR3RZNRGUHHEAQ,AENFRNJLSQPJICHCPKWOMUBY6RZQ,AGFJSRWCBODKCJT6UZRNZJGS7REA,AGEJSKUSIVTSJWJU7VP34MUN2TAQ,AG4MIJFPUX7ACHTA37OTFR2POWAQ,AGKBVK7XMXHCSEHT2ENTPCTVRBIA,AGGNPDA4Y5XGITWNNOOODFOYXUDA,AEUAAKEA5FFOZ66HNIUQI3OJQDQA",290.0,True,1
AFPKVN5KLHB4MHSYDS25Q5MIWWKQ,199.0,True,1
"AFPP23GZ4AVHPQZCTP3HRAABLJLA,AHRMZ6CNNUQLTLK7V4NXSXQSUOPQ,AHYNWZDQUEHA3LHM2UGWGPEF5RZQ,AGJ4SX7KMBI7JTCLN2M2NDKHLBYQ,AHG274KYTUFW4U6M4Q3RXSY3PFLA,AGUDFIEXE7SNZX63QNMDTVSNXB3A,AGDFLPE27MVR57QZ5JFVGQXDDKSA,AG6CUGEEGHQL2ZZ3VHASUJTHLORA",499.0,True,1
"AFPSD5MVTPICFIXY5LKKTXSG7ZEA,AGJBM3XS26DC7YAEKR4MCLGOYVBA,AEZQUPHUINOCTERMXT3HOTVPLYGQ,AFSBPCLAH6PSYUW2CO7D3SLAZDXQ,AH6XCAUGFE76YB4KK6DPMXFQJFGA,AGFWFWJXJOOOZJGBRVWUFFHZVMVQ,AGKJJHQERUQMMSYWWDLXSY5VNH7A,AFXICPXB4TFIKV3SCE3LBN5W5QCQ",269.0,True,1
"AFQ3U3VBOCWRK5FO7AHRDUWWSU3Q,AHAJYQR4MXON2FRMHGMXO5AQMB6A,AF6PSKIGQI3XF6ONPKLUZWTTIJ6Q,AEAHUUJODQRTT2CHUPUCRGDHYTKQ,AHXACIKX2GST7YTDG3AUJJ2XDI7Q,AF772HDBWQAREJWQ2CLI2OHNSKIA,AHHSFGNEBL7YFX6MBHHJ7YO3UJSA,AHVBXZN2O5ZS3WTPVLPL2FICSBKQ",499.0,True,1
"AFQ7AUYJOIE2HH63KIUQK45ENQ2A,AHT7TTZ5JOTUL7CYSG5BBVPKD37A,AFB2AKARKRKHAB2PUCALX2GXOM3A",219.0,True,1
"AFQW4AC4GLYGQC4MXQWMGJM2FWRA,AGLLHPCKRL6U2U6U5XXMJ4V6ANHQ,AE5S2QIJPXDUQT54XGJVGPQJOTSA,AGBA37OJDBIONSXA6OYI5TCIQSUQ,AHZNT25EKPGFYYUQOSYG7E5M7WRQ,AHDNBCY5WEIZQ2ETHEL72TPHNGVQ,AG42FZDSEYZOQV7FJMK7BTG3Z2BQ,AE3EGIT22MVVMLV2BZBQAURWSF2Q",349.0,True,1
"AFQXCIIKXSM2VN3IHACSKPZ3PEGQ,AF4ZVWWNBPL33ZOSUV4OCQBKAMMQ,AGLMV6TJSJRZ4MUKZMZ5OAXIII3A,AHJXAF4EZJDUTIRPQ5FW7ROHBBLA,AFPFJW4OK5K6DWROJOKAWSCEKLOA,AFVAWQEMKVO64IW4CBMKCU7NVWAQ,AH6L6S34BGTASSORZMSZ5DCTLU5Q,AGM6EGKUOFBXPCJTFFF2NIGJO3UQ",299.0,True,1
"AFR3CAZ3QN2PEXO45OEKQQ2YJPTA,AEAUTGCUVV2HSOOAJL6YMN7HG4OQ",469.0,True,1
"AFRA4BGAKHDU2PFBCHKEPSVG5OYA,AENPE6KZIPHD7QUDJVPDKRMTR2UQ,AEW7M23YLNN4FJNU2N6DLN3BAZMA,AF5EUX755HPX32CSZZYARRK6VSRA,AGEWLEEAALGWMCPDGMT4H5OVJI2A,AEL3EZQDKJFXIQ6MBXGKGGKVZGYQ,AG77EF477UX6JHDRZFZM23ZRG5HQ,AFBOZIRKFRPTQJZKZE7CFSSDK2WQ",449.0,True,1
"AFS7B5AZ62CAX22H7LCYNQXVCQAQ,AGLMS3QIE4S7KPWOXGHTANI7764A,AGBA7KYAPLBYCCWKRBEAIWCBFBLA,AG7ZZIXCIBRUJ57VCGVUKDTGVIFA,AHNJSC2JCU5WZS36B2ICX24355IQ,AEMO7DWHWH5OGU427HN45WBERE3A,AGKTT2MYU4G25XFWMD5S6DETTTGA,AG64ADZBDOLMMQKFPD6JFZDTHVHA",293.0,True,1
"AFSITWWNNRRRYZ6LBPGPBIZAQDXQ,AEKOYL2NITTWDV2725B6QLTUYGBQ,AH5FY7IIP3DJVNWTYOJ46P5M3WAQ,AGWXGUALH6VESAYTZGWBZBUDTWFA,AEH37ZM7QT7HC7PJUDD2OMJUQ3ZQ,AHQ6V572IRATWTVUSX4ZHTEOJ6LA,AFP7UACKVYT7LCUSAEQ43ALJK5BQ,AEG2WHR5FSYCEYGD3KEKGENVLP7Q",379.0,True,1
"AFSJUWV2I4CD53EPCRMOQJ3CWR3Q,AGLYAYWTFPPMLELDG7MBUTWQZTKA,AHAAYO56NUYMNL7O7P65YAAKV6TA,AFWPXEXJRSEYWLZSQDGUDSBDHBLQ,AES4QRD3RAYW2ORTU7E7K76ODZ5A,AFRXDI4SII4JBMPANDYIBWAXES6A,AGH6HBX2KQ7SPFSKTLA3TXXEODHQ,AHWWSRDGMUI3RUPRJLQY7DLHKXIQ",90.0,True,1
"AFSM3ANFFBHN7NCB3JYF4RZ7YQAQ,AE67ZNU72JW5PJQHCXBG7SZX63SQ,AEWHCRZOB4UBLIBAN2HJSXDEGPBQ,AEQNCSQJK3ZBHTJ7M2ID6FLUA2CA,AEFDI2YRIMBNCPVHEGTCZ3EEJJBQ,AGS3WLGMF7WWDCLGJSVULWUNPLFQ,AEF4AQOCIUBZ2YYY25OWVB42GTKQ,AFDU4WS7SYXWPP3Y7OSPKXRJUB4A",399.0,True,1
"AFSOR5M3BW2YXCRDCQKOL2V65TGA,AFCE74YZAML4IHESYR224MZD4D7Q,AEN4WTJM4LZPL4GF7CQJLZDRUJBA,AFDZ5JKR7YVO5FBAT6XGIZH3P3OA,AGQ6XAIJVAAWQFJO6OA3UYVHJF2Q,AF3CZBMZFMU3N4DAM27ZJR3QVTSQ,AG36CQHXVY6RQJO3OYSVWO6MT4EA,AELYCP5LN46WKAK7WQMEJRNRXJYA",129.0,True,1
"AFSZEPUJZUDS3NRVEAO5MHUCAEPA,AHU7IIQ2UVTKGV6WW7KMOU6LTXFA,AF76XTK3GUL5U7RJUHCGDNUF6JPA,AE3AAKFCFKJRKT76B4KMGZGIQNOQ,AEN6TRUOOVQSGJ2OMP76ATCWQRFQ,AF6Q6RSLWNO3YXJ3KHFWGSFMU5UQ,AGCHBCFVIMD5WH4P3TN377OC2LRQ,AFMKVDP5GTOGGOS2QQ6DONW6SJTQ",259.0,True,1
"AFTUS3YZBNWUVW7FV7AQ4O532UNQ,AGREMFD5IKQE5NK2YCOQ4XNUTUDQ,AHHCU7EJOMSMPWWIYKX5AYZMZL4Q,AFMCUIC3C5CHX6MWTMK6NM5UDCLA,AGA3HQYJUDXUSMKY2XA7VMWANUWA,AFPORMGJWOHUS73RCALK7AQLVLSA,AE4YLPCDLNTQVAY55PYV3LYJYUSQ,AF7LYQTIS45CKK5MJKT4D2B7VWAQ",328.0,True,1
"AFTUS3YZBNWUVW7FV7AQ4O532UNQ,AHTIXHSMPKDD2O6YDQPWSJ7KJERQ,AE3M4GJCTIZI347G76JF67K7NODQ,AF2Q3F4YLX6JJEJLMWJCWIRITPWQ,AGDGIO3PXVUTZMX2LAAHXQD454EA,AFDF4RNUYQHNOAENQSBE736YWRUQ,AGBHRLFQXX6FBUH4ID7JWVVNODEA,AGBEFPVSELMIVCSK7GQYP27X3JNA",349.0,True,1
"AFTZBO4S2Z7Q6UL72EUKGZRTVB6Q,AHKUVXCYKFWABRPLWPL443YZWRSA,AFRHLDDQVRCWCMDMWG44BGILASLQ,AEYPS7OXOCZW6EHN3CGLBMES2IEQ,AG36G3XPHERLKRDG7XYQ2IWJWPIQ,AHQ6JV4TKZKOSAQ6TQ3IAQW74MMQ,AHCCFBKMNPTBDV2XEM4UTUKRCEPA,AGC2F645OAT43MZ3FMQT5EWJ7RBQ",330.0,True,1
"AFUDD2HQICGHV2X6MXURZJ3FFKTQ,AHFWTVQF2PV2OSERO2BHZXE6OKFA,AGH7ZYNYWARUASLXNJWFVBMBQ27Q,AG5CZPAP4OJQAWDOFWDX5DEQ23JQ,AHEWCJSLDVOE5SZ7AB4VZ7GWOSCA,AFMCJ44W4DCNOIZZWGHT4II3EYZA,AFYNVZTVIP3DSF3J5C2NCUYYSHBA,AHUW3CZFOWPFLM3DYDHP3N4HXD7A",499.0,True,1
"AFUR3EWCD6OMWNI7EGYK62PDJL6Q,AFVKECCQ756MXVGQDFS3JMEKXUMQ,AGMXRWYEJX5URWOJFL6BVNS33A4Q,AHEHBCTR33JSVI4LYVXGDRE7E6UQ,AHYTRVWVQPG2TVM4E45YUD2753AA,AGDOV2OBW4Q2SW6IIJIZNVB76TXA,AFA3LPNRI5HE56NA7IV3NN4KYJ6Q,AGJX72ZLJFKML3LS6N7WXRA4RF3Q",399.0,True,1
"AFUWV4HNHDWYGFGEHEMCKPR7HPBA,AH2QS2327TLYTXS5YHXNAS7X7URQ,AHWO6S34K43AUMEEVHEVFHHPOVQQ,AHRPIB6BCK5TKG2R5DH5H3AMRIHA,AEAYBCVEBO7ZZ4SXPQUEWWYXO7IQ,AGE6KNDSGW2KYR7DTGGTFWVWTGGQ,AFRRGE2IZFVEUFIY6PUKMSGSMZ5Q,AG5WZLHPQHKNWCKK3EZQG73THRGA",150.0,True,1
"AFUWVHBC2SCTJ7VEAWEIEYW5V4KA,AFYBMZW3AZJKJJTALIIXD7ZGEHKA,AFUFHMKHZZMFJX554XNEXXTJXWEQ,AHXXQS4GRLX7EK5BE6LFT6OKTWZA,AGUPGGFPP73O6INTDQ4RCOGZA2HQ,AGNZRKED7ZOR5CWLAVUPIYAYAOGA,AET5GWBU6F666XIYM4PJ6EY5WCKQ,AHQ4S2IRIVYCHMRQ2JX27C6KY3IQ",399.0,True,1
"AFUYYV4MJWXM6FKQL6BR44OK52GA,AE5N2V2V7NEXSAKNOV2YCEKMBTXA,AEEGIQ6LMHJWRZ3YS37ACZD6HYCA,AE4FTPFQLHBP4IG2JCSRSKXM4VFA,AEUOCCUL5KHPEVXARZLU4U42WV2A,AGBSJ7VFUFPUQO6FH2ZJXY267A5Q,AGJ52I42NLYWGYET5BK5SJWMP6HQ,AEUWACJRUOGKOVFW2FOW3RSI3SIA",292.0,True,1
"AFVD56LA6WDD3SSROFLFQVHLSHJA,AFKGFQ6SM5VJVVFZM7RNLTQ4QFMQ,AFZ2XU2PKUJGH3N6MCYNRFGVUU5A,AHY6XDQNLICAHSOUPBE47XD3UDTA,AE7PU2TS7JOYITZOCZV5YQ2D4LVA,AFDQY2YWCKPDNXKZDTLPJAQ4JO7A,AHOSX5HUOCDZZKOMGTHESXDP4BQQ,AGUBBQWRKM3QWTTVHVOYM4IYMDFQ",499.0,True,1
"AFVTO4K2IG5AYWZPOAEA2QGPZZ4A,AHWTCTHLUKPJP2IUI4BQMHLGSEAQ,AHAPQUB4R4LW5DVZEUNCXW3PB5BQ,AEHTBA3SGAOECHU5ZCSRUW4NUGLA,AETY3ZRXJNRJ7NEK7BMH2XXO26KA,AGLWKVJOI7HQ24WJBODYR5E556SQ,AEH27CVZQNPB3YDLTNLPLCNNMKOQ,AERPXYDL77A3TGZVEC4E7COXPNJQ",341.0,True,1
"AFW5XNPYWYUD54B4GHGBC7JTMYHQ,AHTZMXM2QRD5PWVLIPN7FOHOIH7Q,AFQL43U7R2EDDQS2B52Y2UDEC6CQ,AGCP2OGWNDP3H6ST5WI63QKBKISA,AECZMYNKZNRE7CJZQ257V2F3MRTA,AFZ4FBQATW3AY363VAW64PZ73QCQ,AHB4PH45PSYE433J2I3KXWKPFAAA,AG6CCG7PM3D2IEKTJOPSSBWLWPDQ",115.0,True,1
"AFWESPH2F54JGI3PJYU2NINBVCAQ,AEL2MRRMDYHQPWWAOIPUDDKZPI5A,AGOQL3YF6UXVBS7ED52R33WT2V4A,AHIO55R3HT4HKDOPYPNIDKDONGHQ,AEJGQGJN3LJ3HSID37QXUVSEJ2JQ,AEB67NVL2DZCG3IKQOWI3752NDVA,AGCFDQLGMBIDSFCUH4A32DFOAXMA,AFWR2F4YGS3OG3JB6U64BDM3ELAQ",218.0,True,1
"AFXUMOU3PMUQEHSYTB7SBVYFN34Q,AFJBVZGNIZISS2EGIUZRHMIDD7AQ,AGLIJTPBLLORZ2E35K2DFO3V3FXQ,AF5JPNCVJVCR3EMLVNG3MERJYU3Q,AFZDR5KNLP6HTBN33LC3AZ472J5A,AEKW5FURRS4HCH6MS7RL7FI2GC6A,AGKBXNKA52CUF4OZMIFDDTKVI6LA,AHILS5IGSFXF4SM2DAOB4LLULPHA",329.0,True,1
"AFY3XWUSTQABIV5OERXNLAPIZBTA,AFDIP7UX2AVN7Q42UVSPWBZDSKJQ,AF2UJQYDINULS75GB476GZ3F5HKA,AFBYRGPVHQDBRHAQHZYD5JCR2VMQ,AF5MN6PWXNKK5XXQPOD3TDRDO2YQ,AHEKP6OARUMDVOTRLNM73MQ2LYSA,AEV34N6R33BELH7SXLEZFWBCMJ3Q,AE4YIOCA5OVDV3GCCYFIJZ3XEKCA",350.0,True,1
"AFY43URPP4H2YAU54BXZXHAA4PFA,AFXPNU67DDECPJPSNRFI2E6H5LDQ,AH5YJG3CUXNP5ESN5HM4NHPAFB3Q,AG7DFEJVZNB4PW34WVGQPVLU7CKQ,AHHCC6KDIDI7OF6J6HV7OBGG2JGQ,AEATZAGPDVY63OECCENTN5XZHNNQ,AGBV77FUBU636MRHY2SQULBIMXIA,AFE4WCUSKXY43CIWV6NPOUUZD33A",351.0,True,1
"AFYEHXFPJRMXSQKK7PTK5TRWUQUA,AHF52K4NWNVQ67FHIOFZAGPQ3PFQ,AEOXAUWOA6I56J4RAMFLXBPZH3UA,AFKQJYKMEKQZLVHSLYTHT6MO4CFQ,AFX6NQOSMDSQWMBRDX6NUHNLZEYA,AFE2SDWOCP7HW73DJMCWLFBB63KA,AEN5FDCFERXM4BUXIUA3HTMGS2YA,AFNPTDUJHTDPYEKE7LP7CDDVTKYQ",499.0,True,1
"AFYMFZN2MFKODDI25OZKLO36LCHA,AE46PAL3I6SQVZG4CQR754OYQ7RA,AFILVEY4BG7TP2XCLB7N6AGAZMFA,AHKAHUT2A5EOQTRLYEOO6W6BQSTQ,AELYRRH5SBV6UFG3GU6BFG5BR2QQ,AES5I6RABQPPMKSG73P546HHSHFQ,AHTP6VRCDVSOFKPWMXJLFWKU2VJQ,AF27PDSYD6M3T6GI6X3VMQXOGUUA",449.0,True,1
"AFYOI4QB47I7I4QHNU3PF6ZZCAEA,AECSYXIFB6BFWLLNK6ZEL322DPJQ,AHKFVSIKREMFQWP77YNTYVY6ISVQ,AFVFESCSU53NQCSYPCN3XRE66MIQ,AGIILTCR7DSBPR6GQC54KSRZ6P7A,AGNPYOMLPA6EEFLNFQ6ZZCP3RGXA,AFEYG7JVPH4TT6RU4PT7JJBT5HUA,AFXP7JLR5C35B6IL2IVYWYDMNZVQ",129.0,True,1
"AFYQPTD6YGHPLNTGAOUBK6JTRVTA,AF7NWNWMLKRURHMLHTZXO6TYO4ZQ,AGUGVM4ITHDG6NIND6XEJSQA5O2Q,AHEXJDFOBBLZVPEDL32XHOAEZ2ZA,AEERA3TDMJGDMFA2NSPWSU5DUYNA,AGPLW74W3HJTC3ICBNN3R6MIHFMA,AFH75FMWPZH6ZQFZREPWZDS7FEKA,AGXSFZZKVHNWYTRTFYE3O766ZHVQ",149.0,True,1
"AFZD4RCAOTL4JRRKT6WHVVJWDNHA,AECAPFEPRBCKU4VOBRUGOVMNJBXA,AH2UVQCFNAROZ46WLW3GCZQBZ6TQ,AE4FRP3D6KIQG7H3GP436GUD52VQ,AEZGVKB6YZLTQQTT356NGQIXBMCA,AESGKVHA72PDDC7C45OGNNEMTUKA,AFSSI6KQRVUBQ6DTUNIXZ4PJ4Z2A,AG2X6AGQIUAPKCJIXEZTL2DPVISQ",90.0,True,1
"AFZOUV6DSSLIWTHCEQED5RR6HGHQ,AFL4I5P7WCRS6SYIW4ZNKWADKV2Q,AGFKMDMUPNFM5JWT6BBY2SEVMHMQ,AFKUC4MUHKKVBKYKGLJ3W52G6SVQ,AHBS5ADSTPJ6C5GUYBPG3VBTVX2A,AHUM2M2XXYNDAMBYGMNREX3XIYBQ,AFCQXQUIMMCKM6Y743IKFKIMAYWA,AHSBMJGIRPF66VB6VR76KHJAB3SA",199.0,True,1
"AG2BB3Q2AQB7SBFBURGYSMFHDAOA,AGFXIO346VXYI35ANHRTU7FE7ZGA,AEZIOFC5L34FZZOMGKEHXHLG6KQA,AFDS7H2OSIL3I4CZBN7C7NS4XOXA,AEBSIJDEVFVOC7PQYB3W36OLAHNA,AGHY5MD6U2E57UWJTNGFKKQ5KROA,AF23NVMNXHKORCJCQPGAW6PSXMPA,AHSOUBG4CYVABTQRPHI64FAU4NLQ",161.0,True,1
"AG2ICOYPSOV5SGBKFEYHGKCNK7PA,AGJ3OQ4X262D3MAQZ3CLCRVR5R3Q,AGWXCIC2IWWGNN5I4QTFMPSLSTHQ,AHG33NYBIPVHA7BABNXDT4NDZBMQ,AFWPPZRH2WVNMVTLFNXMAJCTTVFA,AG7Y7ZU2S5Y2H7UJX6AFGQSRB7ZQ,AHAVRPA7Z3PKTTWVBVUISCKI7RYQ,AHKW7DR7CHI2WL772IRNUK3SOAUA",399.0,True,1
"AG2KSOZBBZY3A37U4Q273OYH2IAQ,AE2KY7GO5HPPGPTMF2M5Q2GT7AXA,AE7B5IIEKRJEPJUD7MU45QZIRLYQ,AHKEH7HFR3AZJEZMS2FU4B3SFCCQ,AGXNLZFFY7QM6ZYXUJ7VLPXH6DXQ,AFFOKWDBWHTD73ESMLG5EHU6D64Q,AG3H5M4RSVVBD3XRPC4MVFPUGTRQ,AFYA3XLIG4JUAVDGJR6XDG4XZXOQ",293.0,True,1
"AG2Q7FISK54KBSPHF7CNNGZ3GLNA,AFFYX3FR3SF4JOIN7FIPEVVTIRMQ,AFUBGC56G63INVGIAA2OOMZDRLTQ,AEQWGO62V6K2GSMRMFGRW35NBTQA,AF7USQ27RIKU5ABXWZG2WFECW7JQ,AGZT5FACORYIGQP6G2H2CS6HEMTQ,AFUQWSUM2FGNLHU45YUKN3QAEFHQ,AHVGMS3MGWLQZG2IR34ENSS4UX4Q",199.0,True,1
"AG3EJCPDMWMFHVD75JLK6447GEYQ,AG6U76PUTURMNUURSZUAARGW4JGQ,AFUPVR34RLXDQ4KH53C63MQSFISQ,AH6TCUCBZUAI6HVVV3CRMHOYA7EQ,AHDLB7WWZVSRDGIQWDPGPKV6MUZA,AGPTBPJMGFIJOZ7TDQYIDTKYELCQ,AGWOADYNA3ENWC5E2ZTCG44PPUVQ,AE4VHTKSWGIZRK2VBPA5W4BVVW6Q",265.0,True,1
"AG3G7G2DUJKN5YMCOYZNCADKKJUQ,AH44B2X6AT45J37MHHTU6RROTR4Q,AEK7LRAV4F5SJOHLTLWOHW2HGDKQ,AEJNQ7HJWCUBEAPBJY3WNA4KYCSA,AGQUWP2W5FVCMMXE3TITGSKHVW7Q,AFVIOYI64LWX7ZMVHYEMSMPMGEQA,AE4KGK2WCG6QWH2TOWODVEN4F5OA,AGB3BMFYPRZH26CFIYKTDIA3NGVQ",178.0,True,1
"AG3TIHPAHFYCX3XQ3TQ2OB5IAJXQ,AEEMOUFPIMWI2J6CNO5W4YVLLIGQ,AGYRJKVCDHOZSCEBLMMF6TJOABGQ,AHBZXXSXDSJOQGRFOU4HWSLI2FUQ,AGK2XZ26O6Z4X2UHLCOQIMBTU5XA,AEOPL2SDEVUZWVK3AE2MQOLZUTTA,AG3BY5SSMLL664AT5KK4UFBUCWZQ,AHEKRSI27SAKA2LRISAOQH56UFLQ",129.0,True,1
"AG47CSNDLDSLE7BQWBCUPL4IMBZQ,AERVJSFWEB7B63J46ZBDVGL4HEPA,AH7UKBIDDPO4XM2ZIT5IFSGEAIDA,AFVUB7JIZ754R5LHBFCOBLWFL67A,AF2XIRDLVIWFTUBDJMEWJOLB76OA,AFRLBEKPIN22S4K4PBHUJ5PQPI6A,AEMQUDDYUEXPRJ2C64I33YVVSQXA,AFHNMLRH3T77DAFEJ6UUIVBTMB3A",399.0,True,1
"AG4UNVU75Q7SYSAHMQ7XNPAM4Y2A,AES2BOVWXLI3RTOPQEKH3GCKANDQ,AHJ2PBZMYKYL5ZIS3RYNY5RQF5OA,AF3O4UMEWVEAG2555RB7QRZJ3V3Q,AEGSHUH24XRRJI6CKUBKUFVWIQCQ,AH7CBBXDYLF6D4NECP6UOHAD3DJQ,AGKUMIAJEBVE47SWGKSTRQIXQXCQ,AFSKSM4D23GMJJPYXOHYTH25FQQA",209.0,True,1
"AG56BWR4QA24HMU37HCG7LXA5BIQ,AHPMTDLBF66SKRERYCJJ64OIT4RQ,AHSJSRYF6IDDAO3GFP2JDGW7AQPA,AFHFQZ4WRMY2BZ2M6EPZVRTWARHQ,AHLRT2VIZ5O7U6K7UG7P25P4S4UQ,AE6GNTASF4AF7GAW767UV2OON4EQ,AHNKJGN4LTDD3CFDIWZS5XNYZCGQ,AHWPHJR3F3WBWRACB5PHHTRKXYEQ",499.0,True,1
"AG5P7BKN4M3JH7HW64UV4Y2QZGHA,AHDAOL3TEKGCQABAYFZPBP2ZYFFA,AESBDPT5NJJQVWGWS3PL6R2QOCMA,AHNB5VMFI3KABWXMDVQWOSYUTGFA,AHSRABDEXI6YGGABA5VV6JPKXISA,AHLR63PRHYHZRWZST4RFYKDX7HBA,AGPOF37T2T45CVYABSTSCPILMNZA,AFLXEGOLHUOVKYQTGGKQHW7ROJKQ",119.0,True,1
"AG62NLRIFTN2XEHSJ6HFEUWLNUFQ,AF52BVFW4ASG3V7VPP4S4BZII6DA,AFAS6QTXL5CPXZ6RHDRQP5FDQ5XA,AFIUCL2BAVOF2TKHTDO6SILLENFQ,AGYRHFW4K32QEH7TATXEH565CBZA,AHQH5PRVD42NW5O7FLDL2ETIBOXQ,AHSXVV5G4YWE5XMUXSP6ST7S3Y7A,AGRQAZ4YPQE4JGYOYPWSYCYOLQPA",179.0,True,1
"AG65C34LATM4J3ZFKJJPDNISZKUQ,AG76GICZHJGA7YVN4TORX36ONVYA,AHHIHCEKEYDIRPJ5W7WXGLB3E66Q,AFYSF6635O2EAPR4GMVBH74FSIFQ,AHAVRPA7Z3PKTTWVBVUISCKI7RYQ,AEDH674UH53A5FKLUZCCM5LVKUQQ,AEUK344UA4FNU4PR4AWSPKWX5PPQ,AGPAK6ELVZPVKQ7GEZ7IUHNK2C3Q",149.0,True,1
"AG6AS2KLLZMPPPEKF5RIJXTMA4FA,AEW6BC4YLRYKI5OZGG2TFQSVNPCQ,AGJHYTYSBPEBX6DRHFDVKOPUG3RQ,AHDOOBJBPVJQCWTNVD4L5VIQBBWA,AGXWSSAGJWT437I6SEHW2DBHPAUQ,AHP75RDBGYFPLYD5NVTHZMNJUOAQ,AFBWWOUHEYFHDWJOE42DN5YWO2MQ,AHHRYTCXJYJCRHFUK2EPOG7I3CHQ",499.0,True,1
"AG6BJSKUOVW6DOSEHJ6OLIDCO5MA,AHW46EWYPFF2DEN5KWQJXNSBGF2A,AF6NCPZJVBXRJBUQIDXQTKRIYDOA,AFN75IAOL4G6LP2VICS6ZGRV34SA,AGTAB4DQVASRJVC7NHMWVEIT3SMA,AEBEAFP5OFFPDEF73JDC2QJUU6YQ,AECKQLXBHYEZN76LUT45XCGPGUHQ",185.0,True,1
"AG6LARJ3IHDAIRVVN6WW4Q6JTPJA,AGRR4GPFNWDS7BAR4XXDSLRWHS7Q,AENVIGC6PVWFL7WNAH2VXOSK5AQQ,AHIWMQ35DZ32I2NXFG3FZGQ5WUVA,AGJGE65PDHD3YRNJZX7AJC2OYYFQ,AFWQUAD7B6KQ6EMMOUGFBPXWFAYQ,AG6NHOI4HQRYJYKR7M2DERXZNMIA,AFW5XNPYWYUD54B4GHGBC7JTMYHQ",299.0,True,1
"AG6WNF3AQBACEWDTRW6UM2MALT2A,AGDX3YMAIQMEVYPEJAQTYTEIBPDA,AFHPPBAJGDWY57QWBC4P34LOKRHA,AGHH3UBBLW7P7IZPJDMQ7PRDX7SA,AH3DDWCUUZDBPHLX4YVCNSECLPXA,AE7DWY6A2QRWHQTYLRM7QYUNY7FA,AFUV2FBPZYYQYR6VJS2VCVPZTODQ,AGNMIY7234MP6VA5DN2HRBGQZ73A",116.0,True,1
"AG726NQTX4GKLFNXFOAQBFA6JQGQ,AHAI3QJ4Q5GQAQRQTSJGPR3BBVYA,AETDBRTOHY56QNWI57VHDA2C57HQ,AGLQDF4STKEC43X7AGQ4HR6SFKFQ,AG4KWB76KAF53ROOZQ5NG4KEAUIQ,AF3G3VBMX7MF3ZNHNO4C737BYZVA,AFALR44LTLTN7PHHQNB7HJDZMEZA,AE5WPJODNCWCZCMCMMXZ4DKDVIIQ",349.0,True,1
"AG72HBSOIRQFGJN2NY3GPAEEHZTA,AGXAO67Z7IZENINTB4FWJ53Y3V3Q,AHGR7SEDTEDIYX573IXYTQL3OWUA,AHYDO3OKLMDU6UJQ6YTMQWNUITPA,AGSZKOHJZVCRZGZDDCDPNSHZLOOQ,AE4PB3GAZFWQPTCFXFFJMMZOSU5A,AH7GI2ERU3IXB3L3UMCM7UFQT6XQ,AEJDGQU75PMFGJILLZKBUARMLQOQ",279.0,True,1
"AG775T6JDIUUYOZ5VGCCQLTCDVRQ,AFQPZZYIFMI3C6LLIUI7J32N2ENQ,AE35FM3ZVTBEQGYDRYS6BVM65J5A,AETNHAGXKVVCV37ZG5BSJULYPI7A,AHGJVDDNG2LCJPZUBWBLWIJVH5HA,AHKU2DWXK73RVA5XWKV75XR6WFQA,AGC7CC6P34RRKZDPNW5BIM55VA3A,AG5C253AVEWRSVYUA7CC5DCJAXZA",399.0,True,1
"AG7KK4DGWS4RKQ2S7Z7KDSWSNT6A,AHQOCMTZCJLDZWHA4UFRGXE3ATNQ,AF3TCDSYBVZRSHE2MU3NV74C7YPA,AG4PLTD4U6CPUFP5VA6TUWM3V5RA,AGLZNLY63W3AQ3LE22NHKILAS2UQ,AG7CR672RR6AWBT7I62TSPGNS2NA,AGJL2UK2F3UGV6J6SLRUCOI4CJVA,AGVCLAOUVKP6ZCUZFCPDPBYFYJKA",199.0,True,1
"AG7TJLDLH3HOUPRBUFW6KNUEGO4A,AHTSVFP4GVBBXB6O7JU5FW3NXEJA,AEREO7C5GLYYYV6YXK7X4UCCQTJQ,AFBZOBNNEXP2HLRKXMCEFD2RNT4A,AEKKXMW4QXQMXXIHMC3AM533RJIA,AHBAU2TXR72GFAVHGD4E7OTABKDA,AHK4GT7INMZPE5QFGOPVQPQWOCHA,AHLCHZOJ35AVEE6DYVVH6XR5D2MQ",368.0,True,1
"AG7XUAMM5BZSSPCBAQJ3YGYSIPXA,AGS6JTKZGW3L2TCNL3ERIOHLMCGQ,AFI4YPCZQHDV6ZO7ZJS4IEGDMNMA,AH7WGTWJ5AZHJIATOQGSXBUJ5ENA,AEQVMOXFRHZEVVSM4JNAJ7T3UHPA,AFC5NBFKNTHLIZE4PFLSCEIUHAYQ,AHWWTEG22SBYSSAAMFW4EKBWFJ2Q,AHZS47WK6D5XJ6FS6DINGACMRQKQ",169.0,True,1
"AGARJN3VAP4E6PQYIF74CDF3W6GA,AEC4ZK2E7SL6RXURSFAQILIAIYHQ,AHP75752OD4FMWOWITYVDF4EJ57Q,AEGZNHJ5ZCSPMTVBUTJZPDEJEGRA,AF2OFWJDSCJNZ4QFIX7VUUCHPURA,AEYL5JRPDTHDBIPN3ZSYS3ZLEK2Q,AECSR4RFQGV6P2PCOA7XPNGGBZQQ,AH7EAYMQGZAZ24G65FHVBLVAJL7Q",191.0,True,1
"AGASWLGAJEYSNHPWSR74GSDXU5JQ,AGFT22PQSW5ZDJLFLBQLNNFO6I6A,AFBRDCFTMGH6OFKCC7GQQKXBCXKQ,AGQE66MG2AEU3OO5WWLBODZ3DRCQ,AEKU5BEAVUA6QMUPL34NLEFTPXSA,AFWH2VR4TUJFCVLGMLDKY6QHFPSA,AHLVULA55BHT25TPEJKZCCTPM7CA,AGIRX4TLOCUGC4XPUAFPCQ5TLLKA",129.0,True,1
"AGATYIKGAWO26SQJ7K7TDN2LFUSQ,AFRJHB6VXULSM53VYU5TBJL3F62Q,AEUJCWHLY4ZE4YHU5HVUSHLTKNTA,AGLD2LXDWUQZSZDFC3U7H6N3VFAQ,AHS4FBZAI7M2PJ5BAYWJDCIB3I6Q,AF5XD4J2O3Y5AVWNBSHPYLPQXQNA,AFR5OERHAWKGE5BFDJ5FVFKGGXQQ,AGANY4HWSF32KZFVMOTNULK2RQBQ",419.0,True,1
"AGAVEOWLSMUI7WPD3OHUVNHQ233Q,AHE2QUNIF2AZCEMTCYWKMFNEWDCQ,AGKURQGQGENCRFFBWSO32XS4ZGZQ,AHHE2EJE6HYXFVTGS6KJ37YP3K2A,AEOKRUZ72RVUNHVMWHU5SFP2NXKA,AFLMVNHSWNI2JPAMQKSOKJPAKHMA,AGUHOLJYG2HCK2BYPUP7F5VH23GQ,AH5VFMT4UVRW3RSEXEPXBDEGWBSQ",299.0,True,1
"AGB2L4VZFZQISJ44XSXNEQOKSTVQ,AHQDTRQWUS5MPV5MBLSB6HTSJ52A,AH5GUOO3UWAKJD7PAMTZ6UUEYRPQ,AGKSB547ASUKUVCC4SCHFKIH7XWQ,AHWXPJ2XKKVRT2AQLZKFXMQFJLWQ,AGCVMGZJMOJNXWMAAEQPG4KMLGUA,AGRREQL2U4HCQ6K7METWAYVM355Q,AFUGCO26OHJAF7LMREGYHPS2MMOQ",399.0,True,1
"AGBB4DAVTI36DUQN2NLQNXJLG37Q,AG5H3U5TC6HICM23GAH5FKKIZAYQ,AF53WDXQTVOHTCIUK5YSGJXGVLSQ,AGVGHUTVQQMXT76XTN2CYSHDUJNA,AHXN6UXEHQZVJHLCNWCYHA2IAZQQ,AGTC2E3OIYPYGNKPF2XISDGZWZEA,AEQJY72BUJBIQCYK6V7CIZFEGFKA,AGS74K5IWCYY7PLGQZR7KGVOPCYA",499.0,True,1
"AGCIDEDP2GEN4VHVU6CCSRL6RF6A,AEON6RS4RYLAMFJWOQSJWDJBIQMA,AFWWYJNRHXQTUZFSW3YGSFNG7AHA,AFPPBTAXYWSCAUMZ7HHCFMF4PHFA,AGOI7ZK5ZIOWDYNLON5YENWZNQDA,AHLUGCZZZXHB67SYPOESH2HT4J3A,AEAZGAS5S5WBPYJUXAAJLS6HILEA,AEXK5CI44U7BRRUHLFNCWA5DIZGQ",210.0,True,1
"AGD2H2SMDLQK62MH7BFWQ2INBP2A,AELIUKITTHS3MSGTSB3B3YCAUMQQ,AHPYAYHRORO3DMJ7DSUHSGSBLDBQ,AENIRZYQ7D6LIUFYMTCNZ3E7ITMA,AH5WOB4H6TNTIVWLGHXDBTVBKZ3Q,AEEDBX6NJS6TW3AY6TG3DUN4TI5A,AG7BWK54SGYY2Z2QHMB5VD2JXDJQ,AFKOJLBHQLFZ3EZYM3QQRATTZ37A",195.0,True,1
"AGDR4WFX53YFXTBXAHC65MMBDERA,AFOEBFZC6LMNNTBEC22LCUGEO5QA,AGDWLF5AV4ORJG6IXPD65BSQ4WHQ,AERP2HDU5NDVDVWH2VDXZY3ITHRQ,AFLUBMW56L2YZFC7R3RZVLC7YGAA,AEVQ23BWUEEHRN4SPRKHA57N6SOQ,AGYFSXQSHFHYAB4GM2SRCFCQBFQA,AFYFP2TSUS4LLHR6CY5NJQZZIG7Q",249.0,True,1
"AGDWMV5ZAHCSPG6IMWYOTBTOB6XQ,AE3LXXFXH6BORYJRUFKZHYY3UHYQ,AGFOD6MTODJ2BVFMYDOCLV6XQM5Q,AH7CH74XTRZWL4SHLUHGIKALPBHQ,AH7POVEBCJ2XBVILJPAO6EE4FQ5A,AF6EGJ3IP6NT47SNGHLAJ7IVUZTA,AEKGSTRWTY6EPGEDQJDF2ZGLQQEA,AEZOPOL7EG3CNIYHEUOIFRNNEDUA",260.0,True,1
"AGDY4LIW3A477KFMINSUKYRMSK7Q,AHX6FDK45XLTIXMOCTEJLIVTHJDQ,AH7QP5VH5777BLVSP5M6KE2IEOWA,AG3B6VHXNSP3NV4QKN6S2UYW3IHA,AGK67PKY5YNSHMUNIPVHWPQKPBLA,AH75SNR4HB6LTEAQRARKQV4PGRJQ,AGCF4OSJR3ZAIS426KF77KR7N52Q,AESIFL6Q25WEMARTHLWMLOCS7ALQ",179.0,True,1
"AGFSOG7QWOQRQTDVWUVK4WPOPHSA,AG6UPQFCRHSQODIOVIMER3P47VQA,AFY66NURTOX762MUCC6G4QMEBE3Q,AE3NPJLVC2YRPBNFICNMX5ZB6MEA,AGAZYH7WC2DAX4C5Q2IJ3QNNTXKQ,AEBVNEPJTREFKWKSVGGA4OTLKF3A,AGCLISGESOSSRSZW6ATE4IHBDFZQ,AH6BK2HIRJPBQKUMSL42RVA2UCVA",287.0,True,1
"AGG2AULXZCI6G44ST3BNAHRWDR5Q,AHR35WVPGLH745QHWRWEJ2WZTTDA,AFNSWRFEYVFT3XIQRXEBUOZKREAA,AG3H2NL3BTX4M4VD4NMTQ4VBKF6A,AFAKHOAYOIRPKEBF376DH5VOHIVQ,AEWNTX64SO54FM25O5FQFFWXIM4Q,AHLOFWN5NO7E32LEZUOVSNQE7IDQ,AEAJEELFQNAUNC3VXCKYR6RQPCJQ",249.0,True,1
"AGG35S7QJCAA7Y4FOAUY6IXKP75Q,AEFI7KCPVSZ2JTMHAZ7AXVWCZR7Q,AFCDH6KOUMXDXYT5J6RI66H6H4RQ,AF46JR3IL4FMLAHLNGPOCTPWWO4A,AFWFXXYDJSIBNGG573MZOZ5RW4UA,AEZTQHAUCPBSKVZ3RAZ7E52E4JWQ,AGB6S2IB6ENELR6KLDKCNQUGY6TA,AFE2763GMEXU4LL3TH6HPCL6FWYA",149.0,True,1
"AGHG6WZFWKAYCOJU6QMZHYDRE54A,AFWQNHRUPQTARC3F4UKWPQF4TRSA,AHU3VEDJKG6OTDUXLAHJRKFXZYFQ,AFT4RR5NOUV3SV4DAF4EMMD3U43A,AFWFSLAC7CL5SNIGOEERFGNG74SQ,AFGYFEYGHTS5QRQ6WTYBPJUADAMA,AGSY42AHUKI5KGZBZU3SAGJBWHQQ,AEIEQNRYFSUJ4WYXO4BTUHBCC5IA",299.0,True,1
"AGHKFSJFKP7E3JJOXV3C6UPGZKQA,AFAZO5BDXQFTNM5IUP2X6F5XIIVQ,AFAZO3VRRBIL6DP5UI4B2UDILGRQ,AEBEUDL2VRUKJQ3R52K2SQR5JHJQ,AEYPXWWAKKOQEX2Z6HKEVFCYZ4EA,AHMURR4YBS77BA3QJ43PBIRDLLSA,AFAH6ZDWWYSXCWPETRIORFGRILAA,AGRSOPDTA7U5B4WO5BHUCRZI5KRQ",299.0,True,1
"AGHVT7WT5L4HJE2K7U2JG2YCED2Q,AEG6NCZPUEEC3YY267IS3YMFRBWA,AGD6H2VQE4PJ7QKTSCXBXPBYS4NQ,AHNYPGI5E7UACOC4BRKLLMHZKRTQ,AF4O7QE5UR2B3SBWJHEG56MP3SCA,AGKJZO3JZK7WKO5FICXBLGIOOGRQ,AHIKIHUKNQUQQWRBFB2ZP2CMWCFA,AEKCZIJF3SIFEWEL25GZDECRFQCA",349.0,True,1
"AGI4CCISF6KU62HQAT2VM4GNNNJA,AFRVEW4OKSGZ2FNKMBGZK6CXRLHQ,AH6KDBZ4SDILJZNKGSFMW3NOWMGQ,AFHBK5CYQFTCGBI3AI5RVFZ5XCVA,AGWF4RTHPA35XFXCZZGOORF3KOTQ,AFU6A2VUU2NNOTDQNVKBCY7B5ISQ,AGBFCJ255MTTPSXYPTKWN7BLY6BA,AGB4BQGMMGUSJ2SMZJDCF7WTQSQQ",149.0,True,1
AGJC5O5H5BBXWUV7WRIEIOOR3TVQ,249.0,True,1
"AGJTPXSZDYEWZM76UMJXCHUUPJSQ,AH4ON4ZDRHM5PWVW6725NRNU6VCA,AHTTCQ7A5VN7L4335W3VEZG6QDQA,AFL5LUHNIIKW6G6GPQML7SFN2W5A,AFHJ53JKOT2VWMLKXNADZHOFDMCA,AF3DB2GLX5C4YCCPB7CJYRQPANTQ,AH723Y45K7AIA5HG27CCBVDZQPYA,AGDB3UZ4G544VVY2ZDHJUI6KOLJQ",199.0,True,1
"AGK3NNXG44TLWHYTJ2OAY4JMD3VA,AGKSHSI672DMOJKNVYC33PPKNISQ,AGTC43ZF53CWD5YIEPDMGMDP22TQ,AGHCWVVH53TQGWLKJOGWOYCLLU6A,AGWXGUALH6VESAYTZGWBZBUDTWFA,AESGEGKMDBH4NA6TM7NJILHKW3WQ,AEMDPZ5BX65L4P5KNIF3MZTZ6PEQ,AGRH5LRSEB7REHEO2KY6RSZYERTA",299.0,True,1
"AGK7PREKINHWXGPFNGY22DD3HBKA,AH4R4F2GBWKTYFEROXDJIFWWCTBA,AGCUJWCPKIL2XXCLVNXIIA7HHRRA,AGBHIIDMDAHDT54JKNQNZ4VK2S3A,AG3TNZMW4L6MIHXZG4BLGEXDGJPA,AFAK7LP652JWFHXYGYD6DRPSUTVA,AHLDPH6DDZRW4YJZSSOINP64R23Q,AFC3FOLK4BMVVGOHLENHL5ZUXK5Q",426.0,True,1
"AGKET6EBMS4XL3NJXMR2JOPTFO5A,AEWBMDGEZ4X45MQ755DGGWVOA5PQ,AEDWE7SRSLUC4O4UBDVW2PG6RALA,AGP2G2TDF5Q5HZECH6MKPXWAFWDA,AHHLEAFO3POG5JSN5OBR6S23N3PQ,AGNPEDP5PPB3WS77KHG6YFLDZRUA,AGEZS5T62DR6CMVOT6PTWIKB5G2A,AEXIQRY2ZR6B6GRHEYZEMLUEUAQA",125.0,True,1
"AGKIML44ZYBW3KKQQ6NNGHOF63EQ,AGJRLOKQPBND2JW7QDUL5U5MY5OQ,AGSJ3NH4VK35QJ2R3SIOG6PPP4LA,AHQR6R4RUMMQMBKTR7ZIOCSFIBGA,AGYWUI23AWDZSGA66PMAUJ4LJWTA,AFGG2P2ER6TDPATVVAMRSJNSHBKA,AHZXNS63DN6MZDH3WSKYRLWSG3DA,AHZEXACAG3YWARLUXFF6G3LK52AA",116.0,True,1
"AGKT6MY3UZFPKSYVU5V7IOKJKMMA,AEMPOEDWHUSVZ4K5B4NSUITJN44A,AHPG3MJMT3RKYFUX36KRB3EDGOBQ,AE5GMXIOYRAI3YQEDFM4W22P6SWQ,AGHSVMFIK3RXOK2SWFPWN5TZCJKQ,AH7JVRRT5TX4TDCA3XS2HEYQIITA,AGNNU6V5L7VGIRYQ5XIJ7H4VONBQ,AHD2UUIFWNHDJHVXLGRMPLBBHSAQ",354.0,True,1
"AGKXFGRXVN4CMGMCT5SGOPB6BBIQ,AGNKWLEKAA53Y27KTA5XKMEB6YVQ,AED2NJ6DBAMJR3CHAEJDTLG3NN2A,AEKY5I5PYGA47OZ47KUCV7UIJTEQ,AG2GGBDNSFBCW36UG3RROPBSLVGA,AE3OOUCU4W42ZU6AUODMT6CN6BPA,AGEEX6AISIUVY6D46KUUUETMMY3A,AG6ITVLWPSPIQITY64C7R5ADA2LQ",399.0,True,1
"AGKYLNZN5SOR4LZAYWRHAAJY6JQQ,AF3KBDP4KUQBIEPOHOD4CTE355DQ,AGPNK4G7IXT4KWGPM4P5GZVHJWRA,AFELT2ZWY73WKNOT67ZAGVUCQ3SA,AFZE7KG2W5XOGLTWA2J4CSAHNXWA,AGA6B3KA3UVWW7IMQ2AAH7YC7SBA,AELLMRH2KBMJNAYLWDLGUMSWGBWQ,AGLXXAIFPOSW675BKK5KDZL63KVQ",397.0,True,1
"AGKZK3N7KYOTCRFGWGDF2EJIQISA,AEROHELQUZSGEWF2SUDCANCFNRCQ,AGPTBR4QWMDZZ3XAF4EV2UMFQQEQ,AEN4W53IK6DVODM4J72SQNAYMX4Q,AEX4AU2AULOQZB35OUHUQ73Q5VIA,AEK2MRB35PXPW27B5NT7O637IMDQ,AHPUIT2YTPFHVHVWQPFEZXZZ5M7A,AE2X3X56PWZY32QSRKVU4VOIKDIA",499.0,True,1
"AGL3JTQ3ZE2OROHL44I2WVDP2Y2A,AGQ77RQV2RP2RV3V3ILVPKJZO4PA,AFU5YK2ZGL26FL7JSOUCS4NJIA2Q,AGJCHC5GBZXUFZIJC3YHRLDBF3OA,AEAPKDGJ23GWBHSLTG3OQ4ZD72SA,AHI75BH7J42XPZ3GSVJINRNDIQGQ,AHF5BKRYGMVNIVA4ZZEYP3O4MTWQ,AHUQL2OJQVXUN6KU3XE4NNXDYWXQ",197.0,True,1
"AGLAZIZLDXX7FKDCSJ6ZLKSHW47A,AFBQNIYHQELPL3AS3CI5Y7MWAJXQ,AHCQZGA4PP2US5BBID5MH7DGIRCA,AHBAFNJWDQVW7JM7YGQOHNOCVM6A,AHJBDYJIPK5LBAZKUJ5QEN2SGAWQ,AGPESJMSSBWG5JO3AUJN4IZKD7TA,AEDY3GIDR2RJL5RYJ3TZYZ5MUJ2Q,AGF22A6YFPOU5427WPDKHGBCDTJQ",299.0,True,1
"AGLYU2PCAJAWMX2SQ7Z44TQCOB5A,AGDRICXTUNSMXWXMHQLN6OCXUMLA,AGSXMG2VUWYJ37O2V2GTTXLBETQA,AFEWCMFADY4UQITWK5LT2T7RG4UA,AGWS7IVUSEUAAU7PS2FBIPJEDX3A,AF34BSUCKPG3GK6ZXXDGJ7VMWZCQ,AF6Z372PW3REL4X6S6TJC6Y3RLIQ,AHEF5MO5EL3COCLOZA23CFG4IKVQ",299.0,True,1
"AGMR74PGVNG5IU7X25GJGDAT63TA,AFZHVPBS7NVVW2M7U4TXWIQBRKAQ,AHOARBR5RTZEZWDSDTRGIBNM7TJA,AH3PPZMEFKEJLVVCX3FZ264SEY4Q,AHAFEMDFYHJDWIR4CF4JD3HIA6ZA,AHOQRYDRLIO5O3MPE76LHWANC7EA,AFANGSCZERSUTYMODCZNYRH7NL4Q,AFBIER33V2UVWGHQNBRTHEVLIW6A",378.0,True,1
"AGMYSLV6NNOAYES25JDTJPCZY47A,AG3Z5IUUFOD24P2S22VMAWPT7TSQ,AHJNMSXBXPENCCR5EVJ63LGMQG2A,AFGN7L5DTGD5IJJ5VQ4IY7G2J35A,AGH7NWRR5Q37GMEIR26FKOLJADBA,AH4B45HPRXTJ5B5FX3WZKJ7K4FSA,AFDPHEAIYTD7MJ4LF7OK6ODJZ5KA,AETMASW5U6WCMX7VZA6DVRGR3WTA",295.0,True,1
"AGNE5T4E7SEMJUDM4COI6JBNJQBQ,AES63PZGZP33ZVO55CCO2WYML7NQ,AHQYGDH4CNFRYRTPCENNJNJHULTQ,AEMDF6YAXYO7WQUIAFGEULA7NWWQ,AFDV4H4KLTJ55TV4USUXZQ3SM47A,AHHGXR7CKVXIJ2ZT7XLLXW4DK7DQ,AEBMBHYSJBU324NU4URUAU4RHB2A,AEYMLF2UAU4DY2LCCDIDPFEIAAAA",425.0,True,1
"AGNQUDW2ISLRVQVYA7AJNMFTZYAA,AEFS33TZ32ZFCNHF4HLNUCSMZQMQ,AGTGQWRENDRGXQODOLIQNYKKMO5Q,AGNUSNVD4OAUBKA6B42FMU63Y2UA,AG46GGA3GD2ZW4IRVXY2LKHWDC3A,AFACTUMKAIA2A6TQX3URLEPJ462Q,AELY7GVE32GK5NPFRFV3R3256BOA,AGWU5ZFZCOMADUNNZLTRCGXDUXSQ",299.0,True,1
"AGNRJFR7GTAKNDLEQNVGQMRVURVQ,AGKFJL7J7K55WKEOE2PSU5WEXEAA,AFDHJS4AKUMVMWYEP5HW33C5NQHQ,AHA46ZPX4RCAEYAPE2XW7RQES5IA,AH4LJDHSBLPNJYLQGQ53EQ6DBVZA,AFHWTIWTNOD6HUF5VGHUIVQB3VKA,AGM6RW6V2RSFD5F6ILCN44YX4Y7Q,AHIMDVA5GYWGVLVSZBG3ZFVKF5VA",210.0,True,1
"AGO5SRT3ESLNL5WTRQFD5BSIYPQA,AGGNODUMRADB3PQQTLA3U7UKYEWA,AHOUPKNSFRTL4F3KLBXFMEFJSKUA,AE2BXTBQXZ54NAE4NYNFSBR2WREA,AFC3FFC5PKFF5PMA52S3VCHOZ5FQ,AFVUO24OGRVCE6Y7NXYDIOQZONCA,AFJGD6THKLQUOW46YHUM7RY2IPJQ,AEXCIDSOW3GVBORUKET6SP7RJ2PQ",294.0,True,1
"AGOHEKMCFFEVVEYK75KRR6JUN5LA,AHM5VPEM324X4ZSA2GQCBCD423PA,AEK4FIY6OYHQUATRL3QUSWUSQLZQ,AGPK7LBOP4LXMHGVL246WLA53D4A,AFZDTYSBA3OFABW3ISFCOOKQK76A,AEYYA6E4ING5KL43ZEGPYXKBDSBQ,AH7YJB6PZG5KP4GCWMQCHRIO3I4Q,AGXITCDLYCTWJZOTV5ZF7ZR7O3MQ",249.0,True,1
"AGORBC2ADNWTLGRWKCZRO7GOG7RQ,AHW6N3FDZXLXEEXO53Q3SMVFLCDA,AFLGGMV4SBRWIXXHBCHESRA5WMVQ,AHXAAOXPYBOJOTHOOTDEEPQJ7FVQ,AFNROTTTTJQQPZPRJWWPSPBEPVQQ,AHKEHV7YSGK2ZCMEUQYS6LJNURKA,AEFXAZ2UATTLLEZX44V5WMEGNS4A,AHERJ7CWJFLTCL3H64F27OBZBHBA",299.0,True,1
"AGOUMGTCVOVNACJWHOI6QXEOFWFQ,AHWVKXF3D6CW6INGFKC4BMWAICWA,AFLFHQMJXDKP4FNRZVNDLBCI7ULA,AEMLU5KFMLIGZH36SO3PT2DLHDPQ,AHD2YKTU2NGV7WIT2AMZ5KGUCI5A,AE6HP365WCXNFAUQETWLZ5AW2KEA,AHU3ZRGSY6NBCQLHHKYG4BWGN46A,AHQI663PWIM6UA3UZUE352TAEJSA",245.0,True,1
"AGPGSHGMGBF6GBOQ7ZXUBQ3IFZJA,AGCTDYXDS2ERAZO6ACV6JTFOHIZA,AHRUFDHGCKZGKT54AVRPZEUTNROQ,AHMN43SPXNEJP5O5QDLMZJXUAECA,AEUDSXTROWKKBDOIXDIPXVUR5GAA,AGM6G35OHG5KQMIRRXHX72G3LK2A,AFRS67BBE6ROLU6SGM626FXNLFNQ,AEEJ44O5YFDJ7ILQI74U7XMNEFIQ",114.0,True,1
"AGPLH6XWDVSULDCZOFJRM6XNTNXQ,AGJA524SLTMC75HT355BYHZ4SYZQ,AHKBD2IJWFB65Y2C2W4J2VOMZQ6Q,AGKPXBE2NL6FYBQESVEHL3RA6X5A,AFKTDJKT5X5JYXWOH5SMI7ZBB42A,AFN6SNPXWBPQF3LKVCMEV42Z66EA,AHBOEAQIX4ZVKW7XTBDVCH3CWVSA,AFWQEIDPK36M5BVEIU5MXV4HEMEQ",299.0,True,1
"AGQ3YJHNFI6CFAOTHMHNA3BEH4AQ,AGIGNUSWYO2OQDTSK25NQWQYTKKA,AHIJZTKPBCAZCSUIZU3JPERUM55A,AFJQGE6TV2BR754CRHDMTKOCTHNQ,AGHD2OMQH2SJZ7PQONIDBG63ZBKQ,AGPBPLV5X666GMBRNJCVLJNNH64A,AHRBK243XJM2ALAIV4RQOYVTH54A,AHNZPDWG65TAYC72YLSK2DUCA6BQ",217.0,True,1
"AGQBRQKHB6V2GKNP5NQCBG3TZFPQ,AGXXROFSXQ7UYFJ4SM2KRSY5GNUQ,AE4OJDGKLBRC3SKJV2S3AHVXBWBA,AEUDSXTROWKKBDOIXDIPXVUR5GAA,AGB2VOIFUR7OVK5G6TMSPV52XHFA,AF6LSVYUDV7WMLIBPHXHBDSVFDTA,AHPXWAFSPVEID3MIG3SFU4XFOSLA,AF7QEOPISA5J33YVAQWX2EGDEPUQ",137.0,True,1
"AGQTTQWEOQLPO3PV6XEDCWZHVFNQ,AGYFG44KAEEQOVYBQRJHPVD32R2A,AGOPG26AJCZ7HH3S6SHL5EYLB2NQ,AFNTWPGFTBDG3Z4KM62YI5AGUEDQ,AF4FBOU77LUPQUR7IBGUCBHELUIA,AEOBRM4MERVEHV4O76DQMSU5CQKA,AEBBA2BEZHS7VHTVPTM33SUFOPLQ,AFU3RKW2HRVHNL6PFIZ7Q3ZYUSOA",320.0,True,1
"AGQZ46RQ5YJFVCSGI4BJGNXB7DZA,AFS6PV7PIU6VP4IPE6ED6EG75Z6A,AFDOCCV3LNI3FFF37HOQKLRU4NCQ,AH37HVSNIOJ3DJOGCWS6UFXOKR4Q,AFHIBNHDDDHLLVSXTV4DRYLOWM5A,AHUXZUPCP7X4ZSLLP3S3M23PTTLQ,AHJ3NVF3ERE5CN626OPOX6AEPQ2A,AGHQDSDG5ATRKOSV5HZPFFQBJ5KQ",455.0,True,1
"AGR7UFLFQ3KUH7644ARDPSSYAZ2Q,AGMHSLSOBPJRH6RCZBNKNZ2YQY6Q,AENX4IK4CRKRAOJQOLMRH6QNCTCA,AFAW47CO7UX37TKZSGRUHIKZMATA,AHUHAGOBF67BLOQGF3C5GBFOPPYQ,AF6UFCDLC6WSCFBZE56AMTOFKNVA,AG2FFL77UFH5Y44BU4FY2FKT6YAQ,AE7Q7KWRZ7MHMTD4I63KVNQQLOGQ",375.0,True,1
"AGRDTPMUHWAPVCLIT32C7WW2V6JA,AG6JGI37HP3HKED7FYSE6HNY2OZA,AHGX46NEAGEBIMLPLC4TB3Z342QQ,AGU6A55DL2E56WX7673GFMC6HEYQ,AHORMKJSJGUFFI6JCZP3AGVQIIPQ,AEPHE5IYH65CT6E4RFVU2QFQ5RDQ,AGBSKFFDGK7DFN3J54X4VMY7MUIA,AGBBOHCULMY33RU5XRNNOVVN2ZGQ",499.0,True,1
"AGRGIE4WRRX3CUQLN2RJDIJE3HSQ,AE7QGXIB227O4GIHLSTP2Z6VENCA,AEULY7BU52WW7X5U6TUNDBO2BU3Q,AFFHWVYKVSRM37YO4YB3Z6IMFLYA,AER5JFSJPXWDBT3VSBEHV6VVVIHQ,AF4TKZNEXBR44GBBFYI6D2I4KKFQ,AFO3ZXLJKCVDKFHGSXAFA6AYDE5A,AERWXGUBL74M7E5ZZ255BQBB6S6A",499.0,True,1
"AGRJZJKWKIE573KM5FWPOH4F7YCA,AEHV4VOLDQX5XYA42OZHALYA3USA,AHOZBF2VFWS62WO3XJT73NHAPQMA,AECYWFZ53SIMOPOKAILDW3VNGRRA,AHGAALVLOMKMYOG4JAJALWFSHLCA,AG6EGJADJ2KCEGGKRPKY2B4MAJMA,AGVVZWV4QHKHNWI7FT3ENKKKBCHA,AHIRZ7N53BSLWFWNEUWYKT6NH6OQ",279.0,True,1
"AGSMOEVIV64A236CLW3B5JHPYQIA,AFRQJEYVSY2LOMYVJL5BXH3RP23A,AFFEO6RPTLDT5MMTV2OVV4H6PEQA,AEFJJHEDW3VJRIQANBUZTZNYCOPQ,AGZT5PONY6EVMJE2FLZV6WDQJ4FA,AHQCJNQP36RHELFJEJ67R6KZ76CQ,AGYEJRMI35FOWDV7JK76YPMMQDDQ,AH4GBZYOUGBQQ2XQQHY6WKQZTIKQ",339.0,True,1
"AGSOQRGXBG47F35QN7GIZU6WKZ6A,AH6K7IVGP33VRVDUW7OMJK4T4XRQ,AHL6LLEVH42TSWIRQ5SEXFRUMG2A,AF2G7CBWXGVMQKYJDB63DFT5YU3Q,AF7P56JP3WZNRN4CCTRWVH3L7C3A,AFUGNPSXEVDZS2VGJUYR6CAQQO3Q,AHAJML6W5NJNUP4ZO3N2X3FFOMEA,AGSD4DN7SI3JW6IO3LB7IR5CL4NA",395.0,True,1
"AGSPAJCL6J6YDXIAPE76RI7HR5AA,AFU6BZRZSMJBHGEYA6E7O2UZEWXQ,AEZ56Q4ETISVJMCTD6W2Z672HIPA,AFBQMEOHKDRW6CJJFN2X6BVFQ2XQ,AEUDP3SKTHEQV7VQ7TV6PCVWJUMA,AG5OWHWYJUE7GK5HV47FTXCLUL4Q,AEADGYDCRKJZHYV73SEXX5CODVVQ,AFEPF3H7CZCWZW2M4ZVRLD7HTTIA",269.0,True,1
"AGSSGQZGH7RKLPAP2JFZ44PHAWDA,AG4M42TGS64SVYRRH7JRNHMB7CCA,AHYXTDSENFWKRKDQ5KOMQ6IJLGXA,AGECXPAM7BHAHXRREUXEBVRADSZA,AF3SATPW2CO22VDANST5ZFMQ2I3Q,AFFQUA4I35H3PGSIRL5BL3GW2ENQ,AGND33SYSSFRKYSNBGB5CQOODQCA,AEXWB6LUEUJLRUE35I3A7PQFO3AA",479.0,True,1
"AGSYXGAGS3QPCXMCULCHPZHVZY3A,AGYI2ZNVO366FOQR4EPOZRQFKZHA,AGSQMFOIENJJKSUCLBBILKW2Y3SQ,AG43V5KMRNBDZHB6JZNM2RSJGEHQ,AEKKUECOGRGJJGSMDTDUTI2JKL5A,AHIACMMGVA72WI7Z7AH44ID3AVUQ,AG3WWBPMVIMZILVOZGYXYAA5M6UA,AEB3YEBRITFKRFWRJ6F7VGPIR6FQ",349.0,True,1
"AGT2U62GEVEA2CAXYALEPKOKBLAQ,AHQ5G6EGXY74B4KQMOZP3VR27OEQ,AGBM6XWLSNKT4IOFPFVWRDJLA5SA,AENSBNWSX3CB2UXZ3NFNR3PADA3Q,AFCHMGFUXDLPXOASREGJC7GTZZHQ,AGIKKX3BWXFOK7ELFIHSH2UH6NYQ,AGPIXFD7PBE4NDKHEUNQ4FBFT4LQ,AFVSDNS5AEWGUFPXMZO5ZUOYOVFQ",499.0,True,1
"AGTBYZOGBXCBMYG2AN7LT4WYRZRQ,AFDWZMVLTXWWCX2UZVGVO5JLXCYA,AFXVKJMZW54XSXP6CQHUWEDPUDEA,AG4W4DLB7L3TFL5MDB7P465HOLDA,AGVEAOLFUM3KCYMH2CDHGD2NKGVA,AENJD2WI3N6QPTI4MTSQ5JABLCHQ,AFDV7XXJCNSWA3R466A2OB6WX66Q,AE4WFHYQM5DHVK4TJMYABWXRPMHA",499.0,True,1
"AGTDS5KNVHNHIPGTYNC4NBE7HJSA,AHKSUT5W2N3HKHXSDIRQIGXBO4WQ,AELPYXDN2TYNBVJ7PLH4VHQANCEA,AFIBKGBT5ZOFVXM6MCB6LB7C2Z7Q,AHGSRNN4YIHUG6KHMZ4CGK6KACBA,AEJMFVYN3PZ5YE6GSVTTMQPFCLIQ,AEHBIJNM7L6EIKFCVMEOHPEVFFYQ,AFCSXOI4K7R3TFLHH3BXBS25CYJQ",349.0,True,1
"AGTN6JPEMBFO4TWE6KBORDHUBFLQ,AFGCP3XJSMEMPBXYIAUFFT67QV5A,AGEBCI52WW5TLSTSVXEQKIUJXNNQ,AEURGK5J5MME7FDPQAWLXQ3NI7KQ,AETRLUIP2W6M5SWB7NYC3MEVREZA,AENQ5OYP5QJ52IWF3GFV6YCUUERQ,AHKUL2YWYC6CI5RC4Y4XYWDU4LKA,AGOCOZTNAN37QJEUVITGZMDAJV6Q",349.0,True,1
"AGUQMWXN662DIDUVJPAO45CEY22A,AGIXLV5PXZOAER6EAYOT5A4CTKYQ,AEG4O3NA4UH2NADX7S54C6AROJVA,AGRTZW7IHUHHMDKJXOAW5EMVUGTQ,AGVN72RV5N6W42CET3JY7ZP7JFXQ,AFNZXOTYIRHPYZ3MYZ7BJC6XA23A,AGSBUA7UPDYWRK4QEA22TGZKGKWA,AFOCJSOFFOYRGY57ZBRKPOXKISXQ",235.0,True,1
"AGV2QERVROHQ3E44IHQIUKCEEO3Q,AE7GOXE6DZEYGOHGHKUAODAOWECQ,AHNY4SVAISG2VQGF2Q4ADDFZIU3A,AHGCRVLMGOBN45HUKZJJX5WK2TMA,AGDLVWA7M4G3IWDMTUODZ2BQEBOQ,AGZNR56VGSBVUSPZ7ACSMX3FFFPA,AHDRIG7FTS342HRYFJSA2PVXEOTA,AF64JDHZPT4WFDN6FBVNFGIAQXQQ",85.0,True,1
"AGVCTA243VHAYH4RQKB4TVYSPC7Q,AH36BC5JQPIM7MZOMVQZLBWAN2VA,AGT4TIXFKY7JZIUJPXHX2L7PDXJA,AEAMCSAQXV3P5AXMBC4FPV3SMVWA,AFSBKYXEFH6TLZMMDGZG525HHPGA,AGUQMLMGMMN4NW2GDOV5LOH2LRLA,AEX4HFC5QP2AAU7LEIIME2NRHOQQ,AEDQG7IQKAQB77K53PPHHWV4QCXA",368.0,True,1
"AGW2ESCSKYPOEDCQW2H3CYYA3QBQ,AFWNPTLGMCGHXXZKYKCF2C7BLBFA,AHSBHHTVA7JAYRS6BXGOSRKYHO5A,AGBPYYXPYFPYEL5GPMNEFGUBHUIA,AFLAE4TFD7YC22INZXE2MTEVRBQA,AFJ5MWRUWPXTC7NZYKXRXMNOKV6Q,AFBKPWYCMY4EJHOAHFRWNEUOPCMQ,AH4YHJP32KW47POTN2WRWIKJV4WA",390.0,True,1
"AGXGYUPGIFDGD6LPTVB2XVE7JWNA,AH2ZUPRKPAFHMLFBVWD26PDVJK4Q,AGAXCWBSPZUPB6GKZKHS3WDT52YA,AHJBGHHXDRA7M5MKCLYLYDNWSURA,AGS35GMYV4YBWSINMHG7KX6VCX5A,AFX2CQSR3SBHOJQWQHBLDIHQG3RA,AEEE77EDIHNXZHXAC77EGZGKGSLQ,AH64TGKPMKB5SNT76NT4ZDNF5YEA",130.0,True,1
"AGXLM7AXU7V4W4OQ3VSKDHE5D3JQ,AGLJPQA3EFCU25WU7YUBUQR7EVAA,AHZNIOL2ID4R7NAEE4BOVV3TOTSQ,AEHQFXO3FHGOI47KAVTBR4CKSEGQ,AHXRHYRPN4MICARR3YECLYRGKMFQ,AFSQYEXGBU5QTKBRQV5367KAVECA,AFROPZ2OZBGFDAOSLXX3RSLV6C5Q,AFSSX5G62IXDDJPIFOQ5CEG6R4VQ",229.0,True,1
"AGY4ILCL5CCENO25T2FOKOESHJTQ,AH32DGGWA7EAENDTHYGGGHBVNQPQ,AFNU4IC55QLKRUH3HO4F5Q3IFMMA,AGOUFAD56YMVQOAFUWLW3XFVWX4Q,AFSM54B2B2VV367PWSU7PU6PE4HA,AGFXR3KSCZMQCGC4PF6KV4YYBI5A,AF7767UQSOLO562YELBYVK7LKB4Q,AE3DUU4DR7FZFATXB6EAXVQ2XXHA",209.0,True,1
"AGY5EGSNGK2VAYOXWLKHP5GX44YA,AGTABZK5E6233ZGRJ6FKGLWNI53A,AFLW52DUWR46PKQCPT6ON3ZC6WYA,AEAHCVLMYLKLICSIKCTUS54NVQ2A,AGOYD5LNR3QBIXOGT3AXVEQJKQIA,AHNQK6FOLGX3QNM73O2SRNGL6CWA,AEDB4HO3XZSRGBOZOKXHJDFH7EKQ,AGTBHBUUNNRIVUQ6YS2OGL37CTGA",199.0,True,1
"AGY65IJP7XREWO3GUDT46474CYKA,AGU43SQ6PXZIL5F5RIBYVGP2JK2A,AESMLM2YPJKZK3XTTYJZFFK4VVSA,AFQO5BOLBEYCCQ2IQ2KCB3FWX25Q,AF3N7NRJHQ6Z5XZXU4HXESU2YXGA,AHL6VKPMWQ4A35OHVFRCPPBBEJMA,AG3YSO4JPZO3L6K2RWYUN5WXRDKA,AEMVESKWHANTAIVYKLAW7JYH4YYA",159.0,True,1
"AGYALNUKBTA6RNY7Z2SC3VH2JT2Q,AHQDHG6EKCV57TQLXPKVE7KAYNVA,AHCJIH6NMUZJQMRBAA5PYGR45WWQ,AF4IW4EBDSC5S2XTNUNVHFYUJS7Q,AE4KVX5GHYODL52WEFZP43XMAQGQ,AHCNPSJTDABFVKVD6GQGNFVLHCQQ,AHSHLUYM2IFSKX2JWJBR6JAAP7HQ,AFYRXRWGIWPROKMMVR6ELUFSFSGA",119.0,True,1
"AGYH5QJAFM2JTPYPHRVG23I23RZQ,AHPHDXV7KUK5GISJLFK33FD7NULQ,AEETUTB5Z5Y6IVW4JTMU3MXWSGWQ,AGCBAXARAYJVHBJU33KDND5FOVFA,AHNXGGCOI6LKO2LN6FMM6FCZSHEQ,AGGRPJDBEJ3LJVAGGZBCMB2FP3AA,AFS5JAP2HQ2QBKREEO3BP6BJ2QHA,AHXH52XW3RFMDWRXJ5ET2BI4XQVA",299.0,True,1
"AGYPVBWZGS5N6B4LBSHETPVHMKUQ,AE7WCE4G7TDHHYVS72L46F2VKMOQ,AHF4VUNETUB7FQORZINTQG2XOEQQ,AFIO5M6WIUKDYTE7PYCYGYW2Y5WA,AG3J4S2BFDNPWLWKFM4JZ5ZZGRDQ,AFGCSWFB6JCB7T57BVBCLPAXVEKA,AF3EF5QQOHLKBPEKFANXBCUG5NPA,AFX6DXBXJZC4YETE5ZYXJJCE3PFQ",251.0,True,1
"AGZD3RPRHHX2DKW6TEB65JLH5S5A,AE5UEABJHMKBLTCBIQYEFKFG3LAQ,AFCJPD4OYU6E3CQYH32MUOX26A5Q,AHOKPNT5H34CQXR52YBMVLR6GTZA,AGTM5FVKPGPRP7YEKY4F46BYLKAQ,AHMTIK5UNPKUXAZEYS6SXOQLQ3MQ,AF367Z63Q7PILESRPHP7QHMMT2QQ,AH55R53RN3UWSSDSNBGV6BCQL6NQ",337.0,True,1
"AGZNXVDF65JCLJDZWWFVCR6TRSZA,AF352RMPRSK6QENB33BZNV3DYI6A,AHXA4FZGPZGXWBJRFZ4V43RPP56A,AHYZHOPWDYWIXWQIZM36GLF34W2Q,AHOGJU7VZMKMUZTXCJXFVGQL4DNQ,AEE5R6QGK7NZBOBH65HH26TGX2XQ,AFUJVPG2FRVCOEAGRTVZIMGXVQXQ,AHEZEZY3JCBBOL45BEUNUPNLKNGQ",299.0,True,1
"AH2ZL3XW4QRBYIRYW5ILLXDH6A5Q,AG5EFWMU7ZA7UZV5X2B6KZPV4AJQ,AFORSYTI4AZVIRIMM3FZLNVMTYWA,AESO35ZBYCHLAWHSRFTJZGS5EDVQ,AG743FAA5YAG2Y2ORETMSE4FE6KA,AEEGO3RFZPTW2WUQBMW4S3SMZDEQ,AGVIYVV3N3TOZTZRNB5W5LOM7P4A,AGZ2G6SOXDGP7M5FUNMQZHSBJVHQ",213.0,True,1
"AH3JHXC477GL3HYXL4XPOZS5SXRQ,AGRRZMYNQM2QIJEBJO3W773FCOLA,AE3OXM4Y3HH35IJQENWQU5RQFS7A,AFBW4KT3H6ZMT3WZRTRIDEV7K7WA,AE6MJCSRJU3RFLB23P6WJWLZ6GBQ,AE7Y2H4FKICIHTQWHKJTBPPJXTTQ,AGHNCNSJPWIRLZVEL62ATH5PNLKA,AG76ORLKGH52WYE2ATIRZOSVEZXA",439.0,True,1
"AH3JUIQYDAPZIELYMMCLQIF66NDA,AGM6VKOVQWLVZW5NXUZ2SW6UHGJA,AFLPBF5SMLJA7SIGVIGSREWQQWIQ,AH2S5LLQQULHAD7BHBZ7XSEOEA6Q,AFPTOFOQ3XNIJPY6PP6YDXKKRC7A,AG7VVM3KQOOLBILDBXWV7KTPIMHQ,AENDSRXBY6PDISBBPQBO4QFMPOHA,AGI22WQ2X6RMINFMZWLRXXUNW6JQ",467.0,True,1
"AH3LHRL5P4YAVOQQCH72G2PJFXSA,AFA332YHUPB6I7KMME7SOFX5RKQQ,AGUUHLF34AIEIOE5KULXXVWKBCMA,AEYA6LQE25O2P6C7XV62XM3YV2EQ,AHWY6IG3PXBBJMLVFMHHKM25BVCQ,AEOKB3ECJUM6UQOBFKMEMQVVHL4A,AHMKSLALVS62JUHSHAI3FUXWDYYA,AFZIZOK5KDBOB5QCHUQRR2ZWUYKA",299.0,True,1
"AH3MVZYHGOVNKO5T5EWVT4HK6M7A,AEDGEVRXRPJZOKCKYHPSRPYFIDZA,AG5ZMUHXVOUVN5BBEDWNN56JLUVA,AF3QHAZ5V36AO5PE6AQGFZZSDCCQ,AFCLK65T5NMGQV7RXN3QJTOYNTNA,AHHZ7KJRSXG4SOCT5CYSHO3DWDMA,AEWZXQYKDB6JJD653R4I3TOIJXHQ,AEWMRL2WQK2553OVVG4CKRWSNYHA",225.0,True,1
"AH3VUICGCKITW2W3TEED2EIY3ZTQ,AGTVGGF42U3KPHT3BTNHNX73XSVQ,AHMMC3QMOKVDBOOVOHAFZSCLWDAA,AGRHECE4JDSOZKHEAH5YNWV6YNKQ,AGIL2JPFUVXPBA4PNMMVAIPXAKWQ,AFPOLXH4MXKCJI33QBTKLOA25A3A,AF5M3QNBEEXBHH6BOPCHIU7V2WVQ,AGWVF275SEYSCYQXQFO7KEL5AAQA",475.0,True,1
"AH42ECAG6LPCU22T5BYN5OXQO74A,AEW6XI52IO3H37U4WJ7TT4MQUIQQ,AGGWS4PPWKSNOVP2LLYNQK2Q7NIA,AG4GACSXM3RJ2UR3NTYNNR4YSHYA,AF7MSVVI52V27OGZ3FTE62QFWNBQ,AHQTTEDMJWGPWIEVA6T6SN2VOJ2Q,AHI3ZFOPJRASPDNKTIADQFUDLCJA,AHLHAY6IT22ZQX7BOBY6TV2PHC5A",349.0,True,1
"AH4LJDHSBLPNJYLQGQ53EQ6DBVZA,AF4BWMWZI7TTQY2YTE2HTHRB3NHQ,AGG22XY7PCKPZDT6352IVLL2H34A,AGTO2SOXJTD3K6T7WPUHCT6SUMKA,AF5CIA2LXA75JJFRVWLKGOLKZIHQ,AFVHCWF76EOX4NMKE2ZUU67CEOBQ,AGUZMT2E4HNC5VF25OWLAUF6KBGA,AE3GY55N5USCMWLS2JIO7CZFS5FQ",228.0,True,1
"AH5G2FWQ6AJBXK2IDCA22BNQTT2A,AEEV73PQDYYMSQSW46LQMZ526YVQ,AHWB25RGISH5XJ2YQCR4J6FDBPOQ,AE2PYPC3OF2HEF4NCE63FBFFFOMQ,AHYUM6XUA4K6V4QEAPT5MLQQIDPA,AG6U2ZW7UGA562DK4W6NVANEMKDA,AFALQ6JKOEKVRVI3BZ2G5PJ63HQQ,AGAXJLX3K3I7WQKQA4Q4NT2IJ2WQ",399.0,True,1
"AH5JH2QLZDYXTHIDXBBLTDHQUALA,AGY6OOO6NIXEY5CJIHB4LUUUQJLQ,AHCJ2GWM5V4XDOBLR4UU2RV4ERKA,AFBURR5C3CR7XL4WPXXV5ZEDDZPA,AFWFYPM37ORBVNKGLW4EETQML7TQ,AHFT6MCOAFZXAUNCYQYPBI7YYF4A,AHA2QGFQYDUQ57OW7ATIM3QVTIIA,AFI5YRB4PKR26ECAXNTMOWMXMEQA",345.0,True,1
"AH5QYAVG2DRXF32LUKZIPG7KZLDQ,AEHIU6L7VK72RINFPDTI7XSIMD7A,AF6SWZOHDVA3F74K6ATT4UMM7LAQ,AFFHIOWLVWJ4A22EGJX4ME7KQLSQ,AEM4NOAI65UBAADJVTQH7AQUAMRA,AFGXHN54PS4545UIGIHTMWU7OI6Q,AEV5KJYTEDJCSN5KFGKY4DHGZOPQ,AE47RN5UXX2ON7VIYMVW6NBT7PJA",149.0,True,1
"AH5Y6ZCLABCUE2X6JBWZBNQO232A,AEWQXQDOQAMTNRLYVT65ODCFGMLQ,AEMMWXTPKDUDSHPWJAJWU7QUV6KA,AGGAGBP6E3H4EOJFHMKLV6UTDAFA,AFQDYNJV76K5BEIS7BWNA7HN4EIQ,AGBVG2PAA7ORCTFXCNEII55L66CA,AFVYZFTM3SUEGYESW55OJNGUAJVA,AGVKIL6EHMVCD6XP4SLWUBJRWGAQ",289.0,True,1
"AH5ZFNLZLJW24YKDQMDHCWGT3MLA,AETSU7SDMZB4653PYWJ54WIPTYJA,AE3XDACOGNEPOGDQHEDJWR4R3JBA,AGLYWTUJ7XAWSKGMRXZEMUHNN3QA,AGAPGK7QBUJDHYEHVEZIJSSU6RXQ,AGJ2FLVYPLUMJGSB434XS3BTEU7A,AFPDB7JSVPNWJT6KF53C3O5ORJQA,AH3M2HOCS7VMTXCOYYI2AKZTFQDA",299.0,True,1
"AH63HFCY2DBQCGPIVKPHXNHTA7WA,AFWFWVCRK5WBT2KNQO54ZRY6EGGQ,AEP4K42PEUOFUZBSUUDCSQBLE3AQ,AHR6J42MLK352GDZSY7SDIR7FRAA,AH6SYTU35PM6FS3MYCMZE2HUHX5Q,AHOUXQHR4KHOOR6GRVONQNICCGGQ,AF3RAGM4J65OMFTJPKIZ5EZSKDNQ,AG5PVVOM55OQOZLE6RR7HRGV4E3A",249.0,True,1
"AH6NK74TCKWVMLPVFEC44ZLT546Q,AEUNLUIL7UEDSBOHDA52EP3CT43Q,AGKEIYGWTR5DFWUXTQK2GJCADGAA,AHYDGBIJQH2XC4SMUNVX2HGKOELQ,AGERLRPT3Z7WUSIERUPQ3NNUYGBQ,AGBVV6FOZ3OTCYR6XQ7UZL5OOF5A,AEBHFCOMRX6G22X3JLSCKHLXPTOA,AFZZKKAWBJWFT7ZNDHWFPI2LJTLA",67.0,True,1
"AH6P2FS36YMFXR6BCZY4QI3A5EGQ,AHLSHAJTU5B4XBPJGON3Q4MKMY2A,AESBXYARD65VZMCEZT6TMIF2I6AA,AFJUCN3LJPEEGA2MCUJMISQ3Q6SA,AGRGJTMI3RMO44FRRNDFQCML32BQ,AGX6OXEPVDQPCMFUTJWCGPAWKMFQ,AGQZQ2BXDDXY6D5K7HZF4CFSSZ6A,AGJD4634EZVTJUCYQETIMPBL5LVQ",499.0,True,1
"AH6ZYHC4ECJ56T4GGZCL6MITCTMA,AE4TXVJAXHK5R7IELJNWWYHFIN6A,AEIJ7SPIJQQGYL2ILSVFV7L7KUCA,AGPQF6FIRVMT534CMDQOPD43MABQ,AEWSLNWPA73PVMUGHDJFRBKEAPSQ,AGBYFOYR3NI4NL3YQNDGZZF2IK4Q,AEM3QOT5IZHF2LEZT6LFD3OTDOLQ,AHK3VCLMISL3QD2KOQSW6WHTC6QQ",398.0,True,1
"AH7K632CGUBDY6LHNAPIN5X53WXA,AFEE2XTFVQFP4MAL23BITAYVUEDQ,AG66ESDG6STC3VUGMYT2JM7F5EFA,AGSRZEXRM6LPZRFZNPWPTJR52PWQ,AHTYWMV7NQIHFTT25KJHK2MHHO4Q,AGEDP3Y6PLN7EQMVYDLKLQKZBCVA,AGJYNSMQM45LCFROC6BSBGM2NXWQ,AF6AQPY5HXHCZXTPZOYY6EZFLMHQ",199.0,True,1
"AHAV4CJCMF5EPFWOHKYSWKTHHKLA,AEKLUTZJ4NAMIM57BQ2PMV4RGR2Q,AFJXXS2L6HWWPY3JISX5SCNOEJRA,AG3W26PYXB5PZLCXPAT3747IYCYA,AFICN5SUTEMROEAXGDQQ6R5DWIMQ,AFWO26UIM72Q7ZPHSQ3DUGDM6H6Q,AERVTE2EIAQT7NEI6VGV4DJIUXCA,AGOMT3O5U4TB4TZVFQFNDKP5GT7Q",269.0,True,1
"AHAYLVC4ZJEXYUCSYHJGH233MBWQ,AFG7V27SPMFIYXCYQQCEXQECP3DQ,AGBW7NSPVGAG32OX4IT3BKIV55IA,AFMOEH263F6BBQRI35GPLNWCQ2FA,AE5YB4LKRKHWXAQRGN6CFKCFPRBQ,AH7L5WF4S4D43VOPFKTQUEUWQ62Q,AFMT4A5BNKRGAOUI2GHZZD2I7QUA,AEDJJ4HPMNRLJMCNUIE7KOJM2UWQ",399.0,True,1
"AHAZZ6OGFULNRHTS2SR7HAH223NA,AHNCXTHT7W36ICJ75NEKWWA2AK5A,AFMD4SE25XE75YQ5PNLPNHC7NGPQ,AH3DPG47VN4IXIXJOLBB4IYDHCSQ,AGQGCM2UQZEIKDZL6CHD5CMSWKRQ,AGUUT3CETO52AO4E5ZCNGSFGLEFQ,AHBXADPUQXAIJI5XTHUKDWD3OQLA,AGEFHKQ5LOZMS63V47JBZPDDQI5A",449.0,True,1
"AHCVVEWW2RUKPIMC63N6LXF2DQJQ,AFATPF5UULFKGVJINQIBWJEXL3ZQ,AECJOC7KZPYXOULLW43TTOMQJCPA,AGHWV3HO2KMHJ57FQWMB44DPA3CQ,AESMUJJJV2I6NQ4OMHYNLTW7H3PA,AFKUMZJL5723MB5JTWMAOVXHVXFA,AHHGYTDS6KX64NEIGKWHCG7ZNDCQ,AFH4LWW2SJ3GJZ36UGIO5CSYNQUQ",199.0,True,1
"AHCY2NLFROLZAQ3YQAKVF3DMHB7Q,AHH7ZBKQ6VW722YSK6JZANJAO7VA,AE6TWJIXPTWPLBA6HQBQSCSHMXVA,AG2KRPXT2HVJMBECVLAOTO7CNI6A,AFDUBGK37QSYU5TRFFFN2GO2ZIIQ,AEGFQO2LSWCXXPUILBB4B4GDIOWQ,AF7NUBGRCKGFYSLOEUO4Y2UC4QZA,AEYKETLWPT5Z6X2DVORJ76G2E23Q",249.0,True,1
"AHDANFLZ6CRP3NUAFEG5KMPPZOFQ,AGP2HWARZOUPA3CD452G55XDOVCA,AFIXXDE6EGSPL7Z3V2HM2ONLKILQ,AHHC4X3NGUIXBDLGBNSGVCEBBWXA,AFMR2SQ4JJENHHZXWTUYOXFAFBDA,AFSN7XEYM3FYLA553HWSFJIWXNLQ,AFBFWTKCL3QGM752HHFGURNACKNA,AFH5MQTFGQYYKITYYBH5CFON3PEQ",299.0,True,1
"AHDC2HUUNEL6GRJRX5TTOVKITONQ,AEBMIYML42WN2LWWZ4VIYP6IYPJA,AGMWSX5A6BMRWUFEIC4KPWXAJ4YQ,AGIBHP2JIWGT67DQJYQTYMAXKTQA,AE53NI5ENHBJCJOCII2GH6FLUOUA,AFI7P52BGRV2NZVRGTJLLCBGJC6Q,AHJ7V4RXBRFQB2OARDFFSNWHNIRQ,AGKCX7P476LO5R2Q3HYVXO2BCSFQ",349.0,True,1
"AHE44P32QOQ7RN7NMKUUNY5UCWUQ,AEXGNEQORPZO3LRAOYSYY2YEKINA,AGQL4UZV6XLH5QKBJPXX5F2SVRDQ,AGKF7OIXWGSJTEV3DW2MLSSCFK6Q,AF4F7MWCZXPUGRG54DXLB53MOJPA,AEUW4Y5YDVZYXKFQ7BOQZ6IL6MPQ,AGKF4F2CY6D6E6FT2SK2ERSQJBIQ,AE3VYASU5PP6DWIZJ66PBLNM4PLQ",235.0,True,1
"AHE52HKDGFCWSQO7STU7NRWWHTWQ,AHCBTTZL4LES5ZR54PCU6LSVKYPQ,AFZRZORHYQ6TSM25CRDS6UDSLUDA,AGWC4Q23F4DQ6TOMY2OBPZUB3W3A,AGGXWYRLPMULBPR7OXPEV6SNOMIQ,AGSMAA22LXXQD6VGCO3X5MMAT4RA,AFCTDH6RSQB5Q2F5E3ZXQL5I2RMA,AG4QFJXKZLMRSSLHOSL4XYGM6G6Q",349.0,True,1
"AHEE4KV3RGGHWUXGCNXJ4DMKM53A,AGEUYT4DWSJF64CD5VCFHPX2VMGQ,AEBHZXZIBEHNBKLIAYNXWBMDX2ZA,AEFDNKBBMU2WUSR5PXNGKH3RVGZQ,AG5M6CPA43SQPDBTR6UHVIPTRFIQ,AHREJM66P5NGBJ3674WM56ZTHF2A,AE2CMOCWNJRTN53KESNTBUNXV37A,AEDNFIJI2HDWTA4SZPMOVNEHPKOA",299.0,True,1
"AHGP46O5MO2FPEVAHZM6A7EZHAEA,AHEO6VCLJ4UDPSPS4TVOXU6I53RA,AH4EIYQSOUXMOZRLMOJQ2K2RUUXQ,AETKWJBAYZHLXKZO5UIVI3SZSLGA,AH25XUAOUMID775S3CGKTD4RMSRA,AFSZFJZYUT57KMK4OOFADUGFLKSQ,AHNNVMOSRRVE4357H7KC2YFDZCYQ,AGI6274XD65IINWKDRM324KZ3ZSQ",351.0,True,1
"AHGPOB3Q2BTBR2WJNJCFAYF4XXLQ,AF6JPKFNHA43DUMRZJQVHXDCADLQ,AHYUXACLEPZESEULAWJJLHKCI3YA,AG3RZKI3Q6Y7BRBJE2NFACMPX4AA,AFPCVKEEIWUDAMLHTSLDAJU2M7UA,AHDZ5QFLMIQPV5OENYTUVIYT5W5A,AHW5KSBYWPGUVRIXU5JQFMT4RVXQ,AGVCA4HKBU7PAZKLJRLLCKK3ZXBQ",299.0,True,1
"AHH26HAPTOI5Z52DFLNYU5TOLWCQ,AFIPAA4KT36MSZTCVAITRIUVJCNQ,AEYXCHSBU6NC4ZKH4OOFYZZTQJFA,AG4CH37VZG5JRJCAEYYGYTFH5UWQ,AGGCXXWA7CJVTHA22YE7PTNWQ7NQ,AFNQO7B5IZKARACZBIO74VFTU6EA,AH3ABVXQTD6ZA64V6NTEJL66RV7A,AFKY3NTT4T35K67VJ2RIO76YDK2Q",299.0,True,1
"AHHEVDG5NWTNJRAW4M5FIRKMFEEA,AFLX5QGGOSHYDJV3E42JXTXCRXPQ,AEX4G7GNLVALDJDAZY33RNZ6KIVQ,AFGMGHDUS2Z6ME6PD3XFJM2VKOEQ,AFBJDIUA2EUBVIRXAXLNC7ENHAIQ,AGMYS67M6E6V2W3UP2EVWZBP4WHQ,AFPLFU6EUEEXHU4SCPG6UUBS4HAA,AFAJRPO7FNQVWYXLU5RMHFVJDARQ",499.0,True,1
"AHHRHRPMQ3O5NZ3NJEFYSDPS7XHA,AFWDREJZJIDUA2VLFDSNAP6GRVWA,AHFNQ2ZQIAN6HAYSDYZK24L4ZU5A,AHL74SDUOIK6IPSUCJI2JFFSWVJQ,AERQHCJNLF5CWK63G4CSN62UKE3Q,AEIXIXGQXO55K7YHDMNU5G6XVHWA,AHZAEVCLQBC6F6VVPI3OWSWZKGMQ,AFZOXNV5I52MMGRSNIRPW22I5BKQ",499.0,True,1
"AHIDFZK6JPIY7FCTPZQJR6MSWV7Q,AGWW4VSBX2UUCMM5VFMMRKV6I34A,AHCLIYZDVIIFV3V4X4VPUFCRPP2A,AG7O2DWNCAQIAMWYENDUQG3P5FPA,AFKZM7TNSX7OVVQP26GUA2NULWFA,AEOWAV5QL6F5QH5VGY4XNKWX7ABA,AHPNZU4TQSKOFPXCED37ADH7NSYQ,AHFF2NUJXGN5BFX76OICF6XVEBOQ",335.0,True,1
"AHITFY6AHALOFOHOZEOC6XBP4FEA,AFRABBODZJZQB6Z4U5FLWEWBAFCA,AHECHWNSEMINYA7KJCRNVT5HCJ7A,AHZE7X4JEEFGO55ORGHVUFLEKD3Q,AG6T7YJGBNIZFYN3IETCMEP4ASJA,AE5JV64MRH475HD7BRHX43UG5U4A,AES5H357DGWET4IZXLW4IEQ4QYIQ,AEB3GRL6Q7FDMQSWGOPRAZ3VUL7Q",379.0,True,1
"AHJRPRAXBOIRLYMCRQ4HCACPXDVQ,AH5G5ENXXWLJAEJMD2DGGVVWCXKQ,AEZRJAZOI4QT6FMFJMPVMZEEBGIA,AF7HCYB2DO4LPCOGY4TBL6SW5QXA,AFPF5JNNNSYW22R7HPGXZGZCWJOQ,AELR5MHP3LFLHR2IFMRE3FCQIHZQ,AE6APMY2U2SCCZYPIQWLII3GJGDA,AGYT72RKZLBSL7IRSVJXQNKHJOKQ",329.0,True,1
"AHJX6GE7IGMLFM75SMKATV5ZRZ2A,AGTYFIQ3EIVLCEU4GJXBMWRBWDTQ,AHOP3ZSYI4ZWF4GAU6Y7U33ZLTFQ,AGAMVFFHI7EL23RQYBA4JTXR6GLA,AHCBSXZTXE7A6XUG2V4664YZHESQ,AGEXNA5HHXTVUSHJNWFCDPCJOOYA,AGOARXYHOENO6YEI7N64HK5CDQCQ,AGKFFX6PBTWUNBMN53YLUH45U6VQ",499.0,True,1
"AHKMDJ4Y4EBQDNX6WV4U6DCESQXQ,AEH2EQBAQVCXDUXSZ255V72TYKOA,AEPH2F2UEIKZG3VT3BVA5FDJIKBA,AGLSWF3XMK3CCO2WJE65T25GIGMA,AFKWGPZEQJSGXGJSTDLUMBLVGKZQ,AHAYLWHOG3ZNEYVTU6NVAYYGJ7FQ,AHXQZSTOU5JDMRAOJUCCQUW2KUBA,AECWPRYCITRCOZR5Y4FNNYESFFBQ",449.0,True,1
"AHKMDKVJS3O2FONH6P2GLWKV7BGA,AF34WPWTTDCKLYAOTG56T2KNCBRQ,AG4L77PETD6JPT4LLTVG4WDS72PQ,AFK7BE52MSABKTBBCCFFW6SINUYQ,AFZAJPI7LJPDCOSMY6ASVRJOECMQ,AHYIUARUTB7FHBZNQDO2RVV72XFA,AGJW572HJZWB6REZMBNPGF2PEYPQ,AGTPLNZTYUEFVBGKKKMV5O66LJIQ",499.0,True,1
"AHKONLROYYEFMPWU5WN7NC5VZIEQ,AGACP7SH2Y22RU24IBBJZ5ZLKSBQ,AGTRZOFOV7NAURFMATSD2LXQ3ULQ,AHCRNC4ESN6FGR7MNQ6GRNIITZOQ,AHWAA4D6Y3PQJDLJHURM735G4FZA,AGLRLAEJWBUG45Z34UBULC6YPBLA,AEYFBVNWXJABK36ZPTY3MBNKB2SQ,AHMDBWJSOJMUF6TURP2BZMKXD37Q",399.0,True,1
"AHLLRY3ISUM56WO2EJYCDE4J6E3Q,AGL2WQUXIVJ7MJZO2FQA5YEEKYGA,AGPMMNZ6KT752BNQNASY52CKSHHA,AFTPAQY425APNC5O64CFVBNYGUMA,AFFGWYKF2QF2IRGERWSNOLQ2QW7A,AFFQMKXLAXT54MS2POKG6RZSRQXA,AE3ZQLAKLHGLFWBN2LOJTSYYN7HA,AHI4OYSIYXJIJIXAO73LAUJTEICQ",499.0,True,1
"AHLSYCYRDNSLULX4Q5KSDKLBPP6Q,AHLTVQ6ZLVJWC4WDVY7SLO34XJCA,AFFUD4FDZRW3XZWBLQZSWI7AGFVQ,AH5LM3I7HGYK3YAX2ZANUO2KCZ4Q,AFH5ZTE3LQMVPCB6QL2KFB52KQBQ,AHOBQSYNMOKA7BB6ZZLLDWPMBUYQ,AHRW66EALO2DVLGGMFXH72MZZFEA,AH2TJNSBMF5HQIGCT7GTQEQDVXTQ",149.0,True,1
"AHLV4POL25DONGJ2Z2BDVAI72QEA,AFGH45ZSJMWCXSPLJSCXHMGAACSA,AGROCLIEK7CWB7EN6KEGYI3OV6AQ,AFKDOXOXP7HNZMXU7N6CLFCUSE3Q,AG5PQBEQ6IWIZNMYDDK4K7NQKWSQ,AE7FMASDWJPQ4VPAOQ4OEI46T72Q,AHJ7NZA7ITERDVQAZREZMU6X74KA,AEEWJRWNATTBY7SQIK5QZEUELLXA",379.0,True,1
"AHM35ZOWV3MFJWNPDZOGEEHDWCJQ,AFWZ5Q3PHBYL3G3HO24T2Y52ZJWA,AECSY43DVEY6JFCK3RGGCNDWTPDA,AFZE7KG2W5XOGLTWA2J4CSAHNXWA,AHTBRKH2BLRY45MBURKSTKR4UF5A,AEEZYJZPB2KSAO2LICWVJHFBDZYQ,AH7AEVKNO7LX5VXZTSD4ARUUYMEA,AEHOSAW5XG4OCCNCREYA25HGLFGQ",247.0,True,1
"AHMAO37N3VRBQR5QXRATTM75KHAQ,AHQ7LIIQZN6O7YA3EYZ7SV2RIYFQ,AHMX2NZBM45ZRMYJIJGGTCHNYC6Q,AGN7DFBGDAM7NRQN6WGIZDOATS3A,AGGZJWNAT4VKG3N7PB5HVNY2GTHA,AGRESPYD37LHSEATHKCG4ED3A6SQ,AFQABEOYWJJP6XUPWCJNZ6DTPTFQ,AF2EHSXFZWWS2YEN22DV2ZCJDZZA",429.0,True,1
"AHMFATKIPX3KHDWWE63O3F5UM3DA,AFKMOTBVCZEGAYHCXPFHV4PFTD3A,AGGH7NCERRPXKHPP6E4WC7RFWO4A,AGEWO7FPEHZGQ5BE5EA74C32GCPQ,AF7LH47LBG5ORFG2V4LDGVM7IJQQ,AH7OVX5ZLGYOQAEYLGW6GTEW7DVA,AGZPS6UBMMPBTMNAETWPQEHSXKYA,AEX7B6KZABJXFXZJRIAGCYLDKM7Q",249.0,True,1
"AHMHM5EFODDANIMBHGM2T74BEJHA,AFRL737KHHDPUBLDGKMHQPVCG3SA,AG4E4F2EYMDWT5COA2MPYFF3DY2A,AEACBJY3IOIQP26VSSYJH4IGFDXQ,AFHE3U3LPV6QO6GVKLGXRFCH3YLQ,AH33YNJUF6TNUB2CJTLGAJX4G6DQ,AFQ5SND6JJSAXPAIZSEROSRORP4A,AEFXOSV5LSFQVAI3FYKVECIQ2YKA",205.0,True,1
"AHNCUNHIZXTMX6V4WVDHJVC6YOHQ,AFQC7LKYCPLAO2WCV74G6AQCPYGA,AELBTZWCD3IGAZLTBXFMB74SLJBQ,AGYOEKFFNLWV5GJKLZ2OLGTI5P4A,AGEUWYJQ2D7U7S2NLLXE6UEOZRKQ,AFDIGTDJTTB72VVFZGILZDH4IROQ,AFTD5POM5OT7DLU3RP5SHEUSLFZA,AGOIORQP7QHLAXDRGTUPAA5TCJEQ",246.0,True,1
"AHNVMNUO3GZIOGQKKAGSPTXY5VEQ,AFKDML4DUIIFJPCMTZZMJTLQR5VQ,AFWWEYDN3ERGL6UJNV7GF6PB66JA,AFNBPDYECMALHAA3NL6L3JUUAWBQ,AFQ7CJTBPHCZUKFO6G7Y33VCXLKA,AGLQVPXIXE7WNSV7S5QV5UCNQUZQ,AGYVZCXMAA6OB3UGJXCUBQCQCYRQ,AECLL66KOCXSQJ2GAS5FF2DEIXQA",398.0,True,1
"AHOQPLT222WN4LQV55XMUEZY6MAA,AFNKDB2UZ7JPX7N53QPPTXBDCJXQ,AFHKQPCPHXZP3ZYZE5AN7VSCVDRQ,AGXQ7FB3Q276VMKWFLEWL3T23SLQ,AGLMYJKO4AKOSRJGJSMVBCDD2X5A,AETHGZYL2OPKWCDKUT5CWOO6ANMA,AEG4RN3E6SIUFNUSICKYE5VPJMMQ,AFIPC6U53NW33X7IKK7KRDEA2TCQ",299.0,True,1
"AHOSVRPAZVI6XRKDHV4VQKRHMV4Q,AETMXBXXZHMQXZEJUFTS4VEBC6HQ,AFK63ZR76EMT36E6263UOQCDR5FQ,AE5BEDOHJHOGLXFPGD7XGENYUXCQ,AFZS47FK76MBKOKQHQ2BEYNB2ZEA,AH3QHP5V7G52L5SDIIAFE3TN3VGA,AGFHSRASMHH6HVE5ZRM7FL7MUBOQ,AFHV7P56J3ZHPKSNHAQSO4YCETBA",349.0,True,1
"AHPG3AAPVL7HKSID4IPJ5MDAMAJA,AFBWMQUWPLCXK5D4A35AZBEZVRNA,AH6RSKPDRXTY7FU32MGPKOFN4PAQ,AHFXY4LR6WSLCD65WDSXNI3FXMIQ,AHLZWB73EYRXKYYJMEGIUMTZ7BYQ,AGBA6KKPYVJU2TU52GK575YXMSCA,AFLFEMT6PKT5TYRSSFSGKZH76GJQ,AHEGXONYVJHACY73DVEU4O5AH4SA",249.0,True,1
"AHPHVDOD3W672U45KKZQIJZTHLGQ,AGPYJRR7TI32QGUNYSFCA6T4OPMA,AHD3DG7REA3RLWBAR7RRD4FBJWZQ,AFZE7KG2W5XOGLTWA2J4CSAHNXWA,AHCAEA2HVGPCU36JGCIE45OQVG2Q,AH7F2AQYA3MVSXKJW3SJUG2UVLHA,AEUW2HNBJ3RXYHK2OXKXJ2Y3MCZQ,AEB2ODYYKIX6P2T3SP7PADBNKGPQ",349.0,True,1
"AHPKWPXNLGMP6BBOUC3MKMDWBIDA,AGMBJC7TRKMW6NZEZ3MPTBCTYQAA,AGMR74PGVNG5IU7X25GJGDAT63TA,AEEVP6GP6VPJ3DKV2WCQZXRYF4NA,AGBCEE2BSSGUDXRORMHMYUZVK6LQ,AEVNRR2MLSJBNKXZWO5FKQSJA6MA,AEJRNRKY5EAXSJJK4Y42EIHW7CIQ,AHSUVTV6XML6IBKSEU3PV37SNICA",449.0,True,1
"AHPLA3DROALHPBANLV74CKFA4UAQ,AFQKF4QRKCVDUZPTG4TY3QYQHYUA,AEVWWMB5UUJ6DPXQ5LA7D27G7HEA,AHG4SFZWRNQXOK66GANDZ74HIVAA,AEW2EZ75VP3NO4WVJA64BJFBM6QQ,AH6C46FX74ETQPE52ALQ6RKISIPA,AHZZXJWETMZR7SH7C22KVUT7VHAA,AGPZLMY6JJVJNVHA3JEM6XM5CSYQ",425.0,True,1
"AHPRJMHMROWKAHQBSB6YAMELKFDA,AEEUZBBPEPROX4BJYECX33XIBY7A,AG4DG477VEGVKYEYL3VZ2VIT5FWQ,AECB6MUP7WF3B2FO3FIYZWRPHRHQ,AF4AGIM7KGBGDENVGGMTJHGXXN6Q,AFALLWH7RZKCTWUFY6QELC2CPLMQ,AFUW2GDGVFBBFAU4FO7VS247ISKA,AFPD3I2VRSX6HD4LC3UPLAQYJTUQ",299.0,True,1
"AHQ4Q75NBEWOM4OWOXUZW7V247NQ,AEQCAMSZJTMNIKXAPXCKT5XLOWIA,AGCHPEKLU5ZFHDV7K3QYXNJQP6JA,AFFXN6T5QGDHRUO24P4PM56E7AAA,AGUPZJ4VI66F5L3GN2VT6QDZEAJQ,AFVIFCKLO7ADXYQAQ2T74HUJEBEA,AFRCL2UST67EVGUTDLV2JGI4OKUA,AFCCTAOXYH2XQNESLRQRH72G27ZQ",478.0,True,1
"AHQWVH4J5YCLOZJMQJTB3FKA66YA,AGTATACN5LUOY6XTHGLDJV2TV7JQ,AGOD5XRGRJSYCFNFE2Y2IVAVS7AQ,AG4QBUONWQLCCWRCXBA6GKTIPGUQ,AFQVO5Y5V3FU7ISKZOPTHKBH4QEA,AEYJEPMQRPIGOQK7HFIX5BEYON5Q,AGVCOM3JOAPMV52YKVWPCTKFVWUQ,AH6XUPCGCWOG63XDNA4PRPWFX4XA",399.0,True,1
"AHR4WZ6M4WXGQP65Z6SSP4LBJJ7A,AFWCLXKTHZPXBGFUEZSMLNWHGHNQ,AGEWKSFDTAPPBDWREYVDDGF54ZLA,AGTWAL33XMDTWFE7KCCBAPV4HHEA,AELBVPKFN3ACEWFOHW6PO7WU6HSA,AEZYTNF5ZWY4QEOAAJBW4HLB2U6Q,AEN3AIBIBGI7VSC6DSJBWDF2CHKA,AHTHIO4VEWZ6SO3MIQKNNZMDUJGA",499.0,True,1
"AHSO2WSPV5UTH5J2K6MN5IZAIOGA,AFM26HOEORAI2OH3PKFIIZQFQHBA,AG37VQORMBEJPZS2AGUCYGIU7G5A,AG6IV4AS3MF5FG3VYPZOG3ACGNLA,AGUJDBWMYYACFUWP3CZ4GCHDS3EQ,AFOYMQ3MI52RO4MV3YTFXONUX3EQ,AEWITOSQKHBLZZOTS5WUBEGE2VOA,AHTEDPLVFC2DNGPOBWOD77MTTHVA",254.0,True,1
"AHSVH7UVP3JM3CKGD7QPMP5ZXTNA,AHPQISIB2DAWTJO3NBJYFMEDERFQ,AHEVYUNLYXJXL5LUWGSH4XBESUJA,AEKJOTUYTW5GOZPGXAN7FOMQ6SUQ,AGYRWNDZCQ4RHAQ6YZIBCQDFMH7Q,AGEMPEOZMB2CNDKH3XBKWQ4NT6PA,AG37JNOSIVJOXSZEPVVPPBFCS56Q,AHHTWGSVW6ENNVUTEPAFHRLQJPFQ",149.0,True,1
"AHSXEBRVZO6MAYZRN6O6ZGT6TQIQ,AE3WP33376SA5IZT4Z5P25RW5SNA,AEP577REOPX5HAMEECZZKMOYZ3OQ,AHXFU2NP5EL5BNCYY3V2BOWDYX4Q,AEPLVXU6CECEGNG6EUUSHMERYNRA,AEQ7NM325SUT6YB62ZG376GF7O7Q,AEBV2AUCTSN3QJO4LJVJ66HVYSTQ,AHCLG7MIFKVJJEAVPYJPW2OPWWEQ",215.0,True,1
"AHSYI7EUDN2RNS2IPMGAS5MKLXPQ,AHHLJNBYVOGQSFG2Q4UMMRU3V3UA,AFC7PJA3XS6MHXYAUF3JZDHDUZWQ,AFL6U5G4P2KLLZU4HCOXES7ME2CQ,AFSSRLUEWTKDHYSAS36MDQQPYTKA,AG5UBF32OIHPW42GLXLBS4QOKKVA,AHLGMGTL6FSAFU2INPKH5ISUODTQ,AFL2ZLTGQ64RMXKWRI7QSA3457GQ",281.0,True,1
"AHTNFP2NA52A4C2BE5WK6PFOCSIQ,AH3HKWLRRJWVLWWNSNRI67WU77ZQ,AHMQ7YJYPC52BBWKM6EDMG4UP5OQ,AGACZ24ZIDYMROK4UAX6ZEKNT3IQ,AHWJYLPQD3AI7VM4ZCBGTQODXXVA,AHNK4EL2BOSS6WRMONWHNWAF5KRA,AFT7QL3HAATP44574CGT47QN4ONA,AG7VJYQTSVIZAOA3UDUAZGCTZ66A",299.0,True,1
"AHUKIXVRPVVYYRQOUGWBDYO7RFDQ,AGGFXEMEWUIDSSL7KN6EJW42DQ2A,AGFUEPQZZPYTSQIL7UBTDIJYUGWA,AE4JBCKONTM2LRZA546FASO3KV7Q,AHQXFZDEXSIE427UGMKSKWNFS6GA,AEJM5FOA2D5WGIYCT5VSKHMSL2YA,AGQXKHGGT3Y6QOCEULP2LJ44Y3PA,AHJLV2V57MWQV4UA37TJ2ORGQLJQ",199.0,True,1
"AHUXDK77R5GLFKEDEMYFDNCN2OQQ,AHWMZLQOYRFQBNX5WSQO5G5ULAVA,AG222PEM6CMMGSEWBM2Y4XT3HDOA,AHGWEVW77V3AN6L52PJ7NYI5LTFQ,AFUUKNORZP5UBT6H2Y7FYLPNQRWA,AEX73DBTINDK4QCFTA6LM3TQCWXA,AGHQDGVBDMDTD5LOMLY3AHSYQGIA,AFYTDFPJTAAXZIU6LKLWRFJR2HTA",299.0,True,1
"AHVAHTQWBVQ564OYZLFO3ABDUUMQ,AEL2DJG4RDMKBB4U7T7FB2D4QL6A,AEZLG2GOZ4US63MFG3TTGRIOWQVQ,AH5FQ2OMFSPNFEWKR7XRHAQXYDNA,AHCWB47L2VDCBKURUGKDLNC3BLAA,AHSLVN2FXVPUVWTY5Y2GW5STS5ZA,AEU3NDBYUVLPYDRFVCIY6IPVUA7A,AFH4EKSLJGS4ZDREEEO5PLDGDWUA",417.44,True,1
"AHWLTHKYKXVQESLJVESM5URXROEA,AFEFEZTZWJLYZGIVR7HLHRI3W5IQ,AFZLSCVPVJVKTHLW27QNQ7NCKILQ,AEAX5Y7DTTQZQWVZQMUAJ5OCQWXQ,AH22UNUP6EJE65PJ6DWGBZL2A3OQ,AEMRAWUZLEF3OUDOHGY6R2K5J6QA,AFCZVT5Q2S2GGB4UUZE6ZFHFJDYA,AENBJYCQHVQ53U7RS7BITRH7MDJQ",179.0,True,1
"AHWQQLE2M65U3ACAYST5FUV4UPVA,AFYWJTX34TSDYAHOCEDFBOESDBLA,AFTI4PPEOUKIY7E7RZNDGR36GJBA,AGIL2YVZAM2EISWCWKZ62NRHRQTQ,AGOLIHXYWOUK27IL5A3NHNA4U6FQ,AGPAK6ELVZPVKQ7GEZ7IUHNK2C3Q,AGFVR7YLNWBVHZT7ZKUMA3OUNIOQ,AFQLEJZYWVOJCCO5THP43JRGYB3Q",379.0,True,1
"AHX6CSQGEBRWNFP27HRO6OHTKYXQ,AEOBGCGXCAHBMUOYKGJIISS7B2HQ,AHGAPUHNPLZZD7NW74AQPOEYPJIQ,AGKTH6UCTEE5C23YTWWUHXU2RUGQ,AHT5LZB5FO2RBAS6HFZPMSB47FJA,AGSBLSMYBGR27VKHLCERTQ4SXJQQ,AHJXXJ6QZSP5VH7GEUWUNOBETADQ,AE2YKXGI2XFOVDHNL6FF2RQAZ55A",249.0,True,1
"AHXMSMSLFDG7IIBBIVO6DY5RPVCA,AHD6BOJBLAFIBLI2KIGGMNFRRCXQ,AE52UBBUK555IYRGTS5VX7PO44IA,AGYGPHX5U4GJVA3MHCWSGZIHBMFQ,AH3BI36C3I7GJFS5QMG2MKJEVQKQ,AFHKKUWCQRUBPCUAOMO5OJML5B5Q,AEUIUWBD6LGQOYOKWQBFV4IL2Z5Q,AENIY3OVB3WZJOVPBXQLMTGCJM2A",499.0,True,1
"AHYKYPQWG6D57RWV5BGGMKG6D6WA,AG4HU2P24AVEA5DIVDDZPAZJB2EA,AEZYF4ZZU6FH47ONFQ4ABO7TAYAQ,AGG2W3XKE7XHPKKOO653RQ2GKYSA,AGCSGQTOFGYS47AB64E7HYCVXPSQ,AE64ROQOZG3YQPANW75Z4DGEOEYQ,AFWJRG3J53U4MB2UJKQBXEU2KLDQ,AEVZ5IEWI4C37B6QZBJEL5H3BRIQ",320.0,True,1
"AHYZC7TAK75CSXYF2V57TT2XB3VA,AHVSVASRHLY4HII4CH5GEKNUWAIQ,AHU3G6JL2C765DSFVXYNANCGFATA,AEF7R2XPRQEBGHMMUTQRQNQ7CHLQ,AHMWV64SEF7KPL6YJUVNNIAIEHJA,AHBVHPQ4W6276E6FKYIQHJQ4BMRQ,AH6ZGBUYPQH5WWPNBBMYQMYOOYTA,AH4XKLZAXDJGMB74RNSTAQD6T33Q",499.0,True,1
